PostID,UserID,TransactionTimeUTC,Media Link,Media Type,BoardID,Content
30073,TaylorCr521,2024-05-05 02:32:30,,,153,"May the Force be with you. To infinity and beyond! There's no place like home. Why so serious? You can't handle the truth! Just keep swimming. I'll be back. I am your father. After all, tomorrow is another day. Here's looking at you, kid."
31310,MorganYc25,2024-09-07 15:44:35,https://picsum.photos/id/10/200/300,photos/id/10/200/300,80,"May the Force be with you. To infinity and beyond! There's no place like home. Why so serious? You can't handle the truth! Just keep swimming. I'll be back. I am your father. After all, tomorrow is another day. Here's lo"
90104,BlakeVe57,2024-04-28 08:35:52,,,23,May the Force be with you. To infinity and beyond
57022,AlexBe971,2024-03-23 00:16:53,,,155,"Lorem ipsum dolor sit amet, consectetur adipiscing elit. Sed do eiusmod tempor incididunt ut labore et dolore magna aliqua. Vivamus lacinia odio vitae vestibulum vestibulum. Curabitur laoreet malesuada odio at congue. In nec orci vulputate, sodales lectus nec, viverra est. Donec ac orci condimentum, dapibus nisi nec, vulputate tellus. Quisque non risus"
74982,AlexBe971,2024-01-25 16:42:52,https://picsum.photos/seed/42/200/300,photos/seed/42/200/300,15,"May the Force be with you. To infinity and beyond! There's no place like home. Why so serious? You can't handle the truth! Just keep swimming. I'll be back. I am your father. After all, tomorrow is another day. Here's looking at you, kid."
11244,JordanLk189,2024-07-15 21:06:29,https://loremflickr.com/200/200/person?lock=5,com/200/200/person?lock=5,74,May the Force be with you. To infinity and beyond! There's no place like home. Why so serious? You can't handle the truth! Just keep swimming. I'll 
75575,JordanJq592,2024-06-06 09:57:28,https://picsum.photos/200/300.jpg,jpg,22,May the Force be with you. To 
13922,CameronDj640,2024-05-04 14:22:26,,,129,"Lorem ipsum dolor sit amet, consectetur adipiscing elit. Sed do eiusmod tempor incididunt ut labore et dolore magna aliqua. V"
73643,ChrisLj821,2024-04-06 05:03:04,,,37,"Lorem ipsum dolor sit amet, consectetur adipiscing elit. Sed do eiusmod tempor incididunt ut labore et d"
94166,JordanFy200,2024-09-03 22:08:05,,,16,"May the Force be with you. To infinity and beyond! There's no place like home. Why so serious? You can't handle the truth! Just keep swimming. I'll be back. I am your father. After all, tomorrow is another day. Here's looking"
60308,TaylorOn760,2024-08-17 23:42:50,https://picsum.photos/200/300.jpg,jpg,120,May the Force be with you. To infinity and beyond! There's no place l
18368,SkylerLu477,2024-07-06 15:42:17,,,90,"Lorem ipsum dolor sit amet, consectetur adipiscing elit. Sed do eiusmod tempor incididunt ut labore et dolore magna aliqua. Vivamus lacinia odio vitae vestibulum ves"
22202,SkylerOg236,2024-07-05 05:58:09,,,147,"Lorem ipsum dolor sit amet, consectetur adipiscing elit. Se"
93297,MorganDq270,2024-06-21 02:52:59,,,100,"Lorem ipsum dolor sit amet, consectetur adipiscing elit. Sed do eiusmod tempor incididunt ut labore et dolore magna aliqua. Vivamus lacinia odio vitae vestibulum vestibulum. Curabitur laoreet malesuada odio at congue. In nec orci vulputate, sodales lectus nec, viverra est. Donec ac orci condimentum, dapibus nisi nec, vulputate tellus. Quisque non risus in orci congue "
90918,MorganDq270,2024-05-02 18:44:46,https://xsgames.co/randomusers/avatar.php?g=male,php?g=male,66,"Lorem ipsum dolor sit amet, consectetur adipiscing elit. Sed do eiusmod tempor incididunt ut labore et dolore magna aliqua. Vivamus lacinia odio vitae vestibulum vestibulum. Curabitur laoreet malesuada odio at congue. In nec orci vulputate, sodales lectus nec, viverra est. Donec ac orci condimentum, dapibus nisi nec, vulputate tellus. Quisque"
41044,TaylorOn760,2024-02-11 09:22:34,,,140,May the Force be with you. To infinit
49173,JordanUl233,2024-05-23 02:36:51,https://xsgames.co/randomusers/avatar.php?g=female,php?g=female,139,Lorem ipsu
30938,ChrisNh567,2024-08-20 20:42:58,,,8,"May the Force be with you. To infinity and beyond! There's no place like home. Why so serious? You can't handle the truth! Just keep swimming. I'll be back. I am your father. After all, tomorrow is another day. Here's looking at you, kid."
69548,CaseyOi152,2024-01-05 20:05:23,,,45,"May the Force be with you. To infinity and beyond! There's no place like home. Why so serious? You can't handle the truth! Just keep swimming. I'll be back. I am your father. After all, tomorrow is another day. Here's looking at you, kid."
37644,BlakeMv249,2024-03-25 13:08:40,,,125,"Lorem ipsum dolor sit amet, consectetur adipiscing elit. Sed do eiusmod tempor incididunt ut labore et"
30515,MorganTd189,2024-09-29 19:14:24,https://loremflickr.com/200/200/person?lock=5,com/200/200/person?lock=5,79,"May the Force be with you. To infinity and beyond! There's no place like home. Why so serious? You can't handle the truth! Just keep swimming. I'll be back. I am your father. After all, tomorr"
41204,AlexDd180,2024-08-21 02:54:48,,,104,May the Force be with you. To infinity and beyond! There's no place like home. Why so serious? You can't
93529,ChrisJj343,2024-05-25 11:00:43,,,50,May the For
60274,TaylorMk499,2024-01-08 09:24:50,https://picsum.photos/id/10/200/300,photos/id/10/200/300,16,"Lorem ipsum dolor sit amet, consectetur adipiscing elit. Sed do eiusmod tempor incididunt ut labore et dolore magna aliqua. Vivamus lacinia odio vitae vestibulum vestibulum. Curabitur laoreet malesuada odio at congue. In nec orci vulputate, sodales lectus nec, viverra est. Donec ac orci condimentum, dapibus n"
36859,BlakeMv249,2024-03-28 09:03:36,https://loremflickr.com/200/200/person?lock=4,com/200/200/person?lock=4,30,"Lorem ipsum dolor sit amet, consectetur adipiscing elit. Sed do eiusmod tempor incididunt ut labore et dolore magna aliqua. Vivamus lacinia odio vitae vestibulum vestibulum. Curabitur laoreet malesuada odio at congue. In nec orci vulputate, sodales lectus nec, viverra est. Donec ac orci condimentum, dapibus nisi nec, vulputat"
11519,MorganDv523,2024-07-14 11:00:29,,,33,"May the Force be with you. To infinity and beyond! There's no place like home. Why so serious? You can't handle the truth! Just keep swimming. I'll be back. I am your father. After all, tomorrow is another day. Here's looking at you, kid."
86941,ChrisRn298,2024-02-01 13:08:05,https://loremflickr.com/200/200/person?lock=3,com/200/200/person?lock=3,52,May the Force be with you. To infinity and beyond! There's no pl
28015,CaseyNs301,2024-04-25 09:15:14,https://picsum.photos/id/10/200/300,photos/id/10/200/300,22,"Lorem ipsum dolor sit amet, consectetur adipiscing elit. Sed do eiusmod tempor incididunt ut labore et dolore magna aliqua. Vivamus lacinia odio vitae vestibulum vestibulum. Curabitur laoreet malesuada odio at congue. In nec orci vulputate, sodales lectus nec, viverra est. Donec ac orci condimentum, dapibus nisi nec, vulputate tellus. Qui"
97399,MorganYc25,2024-07-26 16:00:48,,,75,Lorem ipsum dolor
13221,JordanJq592,2024-08-24 00:03:36,https://xsgames.co/randomusers/avatar.php?g=male,php?g=male,28,May the Force be with you.
17607,JordanFy200,2024-01-30 14:43:35,,,89,"Lorem ipsum dolor sit amet, consectetur adipiscing elit. Sed do eiusmod tempor incididunt ut labore et dolore magna aliqua. Vivamus lacinia odio vitae vestibulum vestibulum. Curabitur laoreet malesuada odio at congue. In nec orci vulputate, sodales lectus nec, viverra est. Donec ac orci condimentum, dapibus nisi nec, vulputate tellus. Quisque non r"
71299,JordanJq592,2024-07-26 08:49:40,https://loremflickr.com/200/200/person?lock=3,com/200/200/person?lock=3,141,"May the Force be with you. To infinity and beyond! There's no place like home. Why so serious? You can't handle the truth! Just keep swimming. I'll be back. I am your father. After all, tomorrow is another day. Here's looking at you,"
78540,CaseyTl966,2024-09-03 18:52:20,,,120,"May the Force be with you. To infinity and beyond! There's no place like home. Why so serious? You can't handle the truth! Just keep swimming. I'll be back. I am your father. After all, tomorrow is another day. Here's looking at you, kid."
27032,TaylorCr521,2024-04-12 15:22:01,,,121,May the Force be with you. To infinity and beyond! There's
47179,AlexDd180,2024-05-12 23:09:04,,,130,"May the Force be with you. To infinity and beyond! There's no place like home. Why so serious? You can't handle the truth! Just keep swimming. I'll be back. I am your father. After all, tomorrow is another day. Here's looking at you, kid."
98096,ChrisNh567,2024-02-23 16:01:51,,,118,"Lorem ipsum dolor sit amet, consectetur adipiscing elit. Sed do eiusmod"
85771,JordanNs560,2024-03-01 10:20:05,https://loremflickr.com/200/200/person?lock=1,com/200/200/person?lock=1,95,May the Force be with you. To infinity and beyond! There's no place like 
83794,MorganXq443,2024-01-03 23:32:04,,,62,"Lorem ipsum dolor sit amet, consectetur adipiscing elit. Sed do eiusmod tempor incididunt ut labore et dolore magna aliqua. Vivamus lacinia odio vitae vestibulum vestibulum. Curabitur laoreet malesuada odio at congue. In ne"
74394,CaseyTl966,2024-09-05 00:00:46,https://picsum.photos/200/300.jpg,jpg,141,"May the Force be with you. To infinity and beyond! There's no place like home. Why so serious? You can't handle the truth! Just keep swimming. I'll be back. I am your father. After all, tomorrow is another day. Here's looking at you, kid."
92596,JordanNr896,2024-09-24 09:44:36,https://loremflickr.com/200/200/person?lock=1,com/200/200/person?lock=1,26,"Lorem ipsum dolor sit amet, consectetur adipiscing elit. Sed do eiusmod tempor incididunt ut labore"
35096,AlexCy153,2024-04-18 06:39:23,,,139,"Lorem ipsum dolor sit amet, consectetur adipiscing elit. Sed do "
69973,JordanNs560,2024-02-07 05:17:35,,,37,May the Force be with you. To infinity and bey
95065,MorganYc25,2024-07-11 09:10:26,,,134,"Lorem ipsum dolor sit amet, consectetur adipiscing elit. Sed do eiusmod tempor incididunt ut labore et dolore magna aliqua. Vivamus lacinia odio vitae vestibulum vestibulum. Curabitur laoreet malesuada odio at congue. In nec orci vulputate, sodales lectus nec, viverra est. Donec ac orci condimentum, dapibus nisi nec, vulputa"
34190,MorganMs563,2024-03-05 13:25:33,https://loremflickr.com/200/200/person?lock=2,com/200/200/person?lock=2,105,May the Force be with y
22445,CaseyOi152,2024-01-02 23:15:08,,,16,May the Force be with you. To infinity and beyond! There's no place like home. Why so serious? You can't handle the truth! Just keep swimmi
51026,MorganDv523,2024-05-11 16:13:34,https://picsum.photos/id/10/200/300,photos/id/10/200/300,21,May the Force be with you. To infinity and beyond! There's no place like home. Why so serious? You can't handle the truth! Just keep swimming. I'll be ba
96064,TaylorEi50,2024-03-17 11:38:03,,,44,"May the Force be with you. To infinity and beyond! There's no place like home. Why so serious? You can't handle the truth! Just keep swimming. I'll be back. I am your father. After all, tomorrow is another day. Here's looking"
22722,JordanZi984,2024-05-07 11:18:41,https://loremflickr.com/200/200/person?lock=5,com/200/200/person?lock=5,114,"Lorem ipsum dolor sit amet, consectetur adipiscing elit. Sed do eiusmod tempor incididunt ut labore et dolore magna aliqua. Vivamus lacinia odio vitae vestibulum vestibulum. Curabitur laoreet malesuada odio at congue. In nec orci vulputate, sodale"
80215,TaylorCo736,2024-08-31 11:23:19,,,142,"Lorem ipsum dolor sit amet, consectetur adipiscing elit. Sed do eiusmod tempor incididunt ut labore et dolore magna aliqua. Vivamus lacinia odio vitae vestibulum vestibulum. Curabitur laoreet malesuada odio at congue. In nec orci vulputate, sodales lectus nec, viverra est. Donec ac orci condimentum, dapibus nisi nec"
61469,ChrisIh187,2024-06-10 14:09:51,https://xsgames.co/randomusers/avatar.php?g=male,php?g=male,128,"Lorem ipsum dolor sit amet, consectetur adipiscing elit. Sed do eiusmod tempor incididunt ut labore et dolore magna aliqua. Vivamus "
35437,AlexCy153,2024-05-13 10:29:58,,,10,"Lorem ipsum dolor sit amet, consectetur adipiscing elit. Sed do eiusmod tempor incididunt ut labore et dolore magna aliqua. Vivamus lacinia odio vitae vestibulum vestibulum. Curabitur laoreet malesuada odio at congue. In nec orci vulputate, sodales lectus nec, viv"
94126,CaseyGp910,2024-04-05 00:45:01,,,137,"Lorem ipsum dolor sit amet, consectetur adipiscing elit. Sed do eiusmod tempor incididunt ut labore et dolore magna aliqua. Vivamus lacinia odio vitae vestibulum vestibulum. Curabitur laoreet malesuada odio at congue. In nec orci vulputate, sodales lectus nec, viverra est. Donec ac orci condimentum"
95278,ChrisZv227,2024-03-01 01:12:36,https://xsgames.co/randomusers/avatar.php?g=female,php?g=female,135,"May the Force be with you. To infinity and beyond! There's no place like home. Why so serious? You can't handle the truth! Just keep swimming. I'll be back. I am your father. After all, tomorrow is another day. Here's looking at you, kid."
78332,JordanYg13,2024-01-20 03:04:02,https://loremflickr.com/200/200/person?lock=4,com/200/200/person?lock=4,72,"Lorem ipsum dolor sit amet, consectetur adipiscing elit. Sed do eiusmod tempor incididunt ut labore et dolore magna aliqua. Vivamus lacinia odio vitae vestibulum vestibulum. Curabitur"
80326,MorganDq270,2024-04-29 16:39:17,,,90,"May the Force be with you. To infinity and beyond! There's no place like home. Why so serious? You can't handle the truth! Just keep swimming. I'll be back. I am your father. After all, tomorrow is another day. Here's looking at you, kid."
63685,ChrisJj343,2024-02-10 19:03:23,,,49,"Lorem ipsum dolor sit amet, consectetur adipiscing elit. Sed do eiusmod tempor incididunt ut labore et dolore magna aliqua. Vivamus lacinia odio vitae vestibulum vestibulum. Curabitur laoree"
57743,JordanFy200,2024-08-01 08:57:40,,,73,"Lorem ipsum dolor sit amet, consectetur adipiscing elit. Sed do eiusmod tempor incididunt ut labore et dolore magna aliqua. Vivamus lacinia odio vitae vestibulum vestibulum. Curabitur laoreet malesuada odio at congue."
53580,JordanNr896,2024-06-12 06:02:33,,,123,"May the Force be with you. To infinity and beyond! There's no place like home. Why so serious? You can't handle the truth! Just keep swimming. I'll be back. I am your father. After all, tomorrow is another day. Here's"
32228,CaseyOi152,2024-07-25 03:33:20,https://picsum.photos/200/300.jpg,jpg,139,"Lorem ipsum dolor sit amet, consectetur adipiscing elit. Sed do eiusmod tempor incidi"
11047,JordanNs560,2024-07-26 09:38:23,https://loremflickr.com/200/200/person?lock=1,com/200/200/person?lock=1,64,"Lorem ipsum dolor sit amet, consectetur adipiscing elit. Sed do eiusmod tempor incididunt ut labore et dolore magna aliqua. Vivamus lacinia odio vitae vestibulum vestibulum. Curabitur laoreet malesuada odio at congue. In nec orci vulputate, soda"
48515,AlexDd180,2024-01-18 20:41:32,https://loremflickr.com/200/200/person?lock=3,com/200/200/person?lock=3,91,"May the Force be with you. To infinity and beyond! There's no place like home. Why so serious? You can't handle the truth! Just keep swimming. I'll be back. I am your father. After all, tomorrow is another day. Here's looking at you, kid."
84023,MorganMs563,2024-03-01 13:38:53,https://loremflickr.com/200/200/person?lock=2,com/200/200/person?lock=2,110,"May the Force be with you. To infinity and beyond! There's no place like home. Why so serious? You can't handle the truth! Just keep swimming. I'll be back. I am your father. After all, tomorrow is another day. Here's looking at you, kid."
80220,MorganDq270,2024-09-17 16:00:58,,,83,"Lorem ipsum dolor sit amet, consectetur adipiscing elit. Sed do eiusmod tempor incididunt ut labore et dolore magna aliqua. Vivamus lacinia odio vitae vestibulum vestibulum. Curabitur laoreet malesuada odio at congue. In nec orci vulputate, sodales lectus nec, viverra est. Donec ac orci condimentum, dapibus nisi nec, vulputate tellu"
30986,CameronDj640,2024-07-16 22:37:03,,,34,May the Force be with you. To infinity and beyond! There's no place like home. 
55726,MorganMs563,2024-07-30 17:12:51,https://picsum.photos/seed/42/200/300,photos/seed/42/200/300,71,"Lorem ipsum dolor sit amet, consectetur adipiscing elit. Sed do eiusmod tempor incididunt ut labore et dolore magna aliqua. Vivamus lacinia odio vitae vestibulum vestibulum. Curabitur laoreet malesuada odio at congue. In nec orci vulputate, sodales lectus nec, viverra est. Donec ac orci c"
95736,SkylerLu477,2024-04-21 16:42:44,,,45,"May the Force be with you. To infinity and beyond! There's no place like home. Why so serious? You can't handle the truth! Just keep swimming. I'll be back. I am your father. After all, tomorrow is another "
24030,ChrisJj343,2024-01-20 08:24:31,https://xsgames.co/randomusers/avatar.php?g=male,php?g=male,18,"Lorem ipsum dolor sit amet, consectetur adipiscing elit. Sed do eiusmod tempor incididunt ut labore et dolore magna aliqua. Vivamus lacinia odio vitae vestibulum vestibulum. Curabitur laoreet malesuada odio at congue. In nec orci vulputate, sodales lectus nec, viverra est. Donec ac orci condimentum, dapibus nisi nec, vulputate tellus. Quisque non risus"
23477,JordanLk189,2024-03-04 13:44:23,,,120,"May the Force be with you. To infinity and beyond! There's no place like home. Why so serious? You can't handle the truth! Just keep swimming. I'll be back. I am your father. After all, tomorrow is another day. Here's looking at you, kid."
82689,TaylorOn760,2024-10-01 01:13:48,,,152,May the Force be with you. To infin
13557,TaylorOn760,2024-02-25 04:10:30,,,53,May the Force be with you. To infinity and beyond! There's no place like home. Why so serious? You can'
61175,JamieZw928,2024-08-29 21:08:05,,,53,"May the Force be with you. To infinity and beyond! There's no place like home. Why so serious? You can't handle the truth! Just keep swimming. I'll be back. I am your father. After all, tomorrow is another day. Here's looking at you, kid."
97514,JordanNr896,2024-09-05 09:28:14,,,51,"Lorem ipsum dolor sit amet, consectetur adipiscing "
53452,CameronNa615,2024-01-13 14:33:35,https://picsum.photos/200/300.jpg,jpg,12,"May the Force be with you. To infinity and beyond! There's no place like home. Why so serious? You can't handle the truth! Just keep swimming. I'll be back. I am your father. After all, tomorrow is another day. Here's looking at you, kid."
56994,JamieZw928,2024-07-14 01:04:29,,,67,"May the Force be with you. To infinity and beyond! There's no place like home. Why so serious? You can't handle the truth! Just keep swimming. I'll be back. I am your father. After all, tomorrow is anoth"
55339,ChrisRn298,2024-08-15 08:30:42,,,134,"Lorem ipsum dolor sit amet, consectetur adipiscing elit. Sed do eiusmod tempor incididunt ut labore et dolore magna aliqua. Vivamus lacinia odio vitae vestibulum vestibulum. Curabitur laoreet malesu"
86538,TaylorOn760,2024-07-09 19:40:07,https://xsgames.co/randomusers/avatar.php?g=male,php?g=male,21,May the Force be with you. To infinity and beyond! There's no place like home. Why so 
57054,SkylerLu477,2024-09-03 09:08:37,,,81,May the Force be with you. To infinity and beyond! There's no place l
26077,BlakeMv249,2024-04-27 16:22:31,,,80,May the Force b
32084,AlexBe971,2024-09-25 04:04:26,,,82,"Lorem ipsum dolor sit amet, consectetur adipiscing elit. Sed do eiusmod tempor incididunt ut labore et dolore magna aliqua. Vivamus lacinia odio vitae vestibulum vestibulum. Curabitur laoreet malesuada odio at congue. In nec orci vulputate, sodales lectus nec, viverra est. Donec ac orci condimentum, dapibus n"
35401,JordanUl233,2024-01-16 03:48:40,,,149,"Lorem ipsum dolor sit amet, consectetur adipiscing elit. Sed do eiusmod tempor incididunt ut labore et dolore magna aliqua. Vivamus lacinia odio vitae vestibulum vestibulum. Curabitur laoreet malesuada odio at congue. In nec orci vulputate, sodales lectus nec, viverra est. Donec ac orci condim"
82314,TaylorMk499,2024-09-28 09:51:41,,,43,"Lorem ipsum dolor sit amet, consectetur adipiscing elit. Sed do eiusmod tempor incididunt ut labore et dolore magna aliqua. Vivamus lacinia odio vitae vestibulum ve"
73082,ChrisRn298,2024-08-09 23:10:24,,,51,May the Force be with you. To infinity an
78564,JordanUl233,2024-08-29 06:08:46,,,55,Lorem ipsum dolor sit a
75293,CaseyOi152,2024-02-14 05:04:42,https://picsum.photos/id/10/200/300,photos/id/10/200/300,9,"Lorem ipsum dolor sit amet, consectetur adipiscing elit. Sed do eiusmod tempor incididunt ut labore et dolore magna aliqua. Vivamus lacinia odio v"
20831,ChrisNh567,2024-08-12 12:53:38,https://xsgames.co/randomusers/avatar.php?g=female,php?g=female,63,"Lorem ipsum dolor sit amet, consectetur adipiscing elit. Sed do eiusmod tempor incidid"
87236,AlexYo629,2024-08-22 17:00:27,https://picsum.photos/seed/42/200/300,photos/seed/42/200/300,102,"May the Force be with you. To infinity and beyond! There's no place like home. Why so serious? You can't handle the truth! Just keep swimming. I'll be back. I am your father. After all, tomorrow is another day. Here's looking at you, kid."
54414,AlexYo629,2024-02-16 10:21:11,https://loremflickr.com/200/200/person?lock=4,com/200/200/person?lock=4,48,"Lorem ipsum dolor sit amet, consectetur adipiscing elit. Sed do eiusmod tempor incididunt ut labore et dolore magna aliqua. Vivamus lacinia odio vitae vestibulum vestibulum. Curabitur laoreet malesuada odio at congue. In nec orci vulputate, sodales lectus nec, viverra est. Donec ac or"
67518,MorganMs563,2024-03-02 10:14:55,,,134,"Lorem ipsum dolor sit amet, consectetur adipiscing elit. Sed do eiusmod tempor incididunt ut labore et dolore magna aliqua. Vivamus lacinia odi"
78926,MorganDq270,2024-09-02 15:37:46,,,54,"Lorem ipsum dolor sit amet, consectetur adipiscing elit. Sed do eiusmod tempor incididunt ut labore et dolore magna aliqua. Vivamus lac"
28006,MorganMs563,2024-02-28 01:40:03,,,46,"May the Force be with you. To infinity and beyond! There's no place like home. Why so serious? You can't handle the truth! Just keep swimming. I'll be back. I am your father. After all, tomorrow is another day. Here's looking at you, kid."
42697,AlexYo629,2024-06-17 04:19:29,,,28,May the Force be with you. To infinity and beyond! There's no place like home. Why so serious? You can't handle the truth! Just keep swimming. I'll be back. I am y
56966,ChrisZv227,2024-03-25 20:55:54,,,130,"Lorem ipsum dolor sit amet, consectetur adipiscing elit. Sed do eiusmod tempor incididunt ut labore et dolore magna aliqua. Vivamus lacinia odio vitae vestibulum vestibulum. Curabitur laoreet malesuada odio at congue. In nec orci vulputate, sodales lectus nec, viverra est. Donec ac orci condimentum,"
94976,ChrisNh567,2024-01-18 10:06:05,,,51,"Lorem ipsum dolor sit amet, consectetur adipiscing elit. Sed do eiusmod tempor incidi"
47225,MorganMs563,2024-03-04 01:35:05,,,78,"Lorem ipsum dolor sit amet, consectetur adipiscing elit."
36357,ChrisHj160,2024-05-22 04:08:51,,,26,"May the Force be with you. To infinity and beyond! There's no place like home. Why so serious? You can't handle the truth! Just keep swimming. I'll be back. I am your father. After all, tomorrow is another day. Here's looking at you, kid."
35352,TaylorMm428,2024-08-28 20:49:52,,,97,May the Force be with you. To infinity and beyond! There's no place like home. Why so serious? You
72129,MorganRo29,2024-09-22 05:03:11,https://picsum.photos/200/300.jpg,jpg,40,"Lorem ipsum dolor sit amet, consectetur adipiscing elit. Sed do eiusmod tempor incididunt ut labore et dolore magna aliqua. Vivamus lacinia odio vitae vestibulum vestibulum. Curabitur laoreet malesuada odio at congue. In nec orci vulputate, sodales lectus nec, viverra est. Donec ac orci condimentum, dapibus nisi nec, vulputate tellus. Quisque non risus in orci congue viverra. Ut non nisi id"
28238,TaylorOn760,2024-02-25 20:33:08,https://loremflickr.com/200/200/person?lock=2,com/200/200/person?lock=2,119,"Lorem ipsum dolor sit amet, consectetur adipiscing elit. Sed do eiusmod tempor incididunt ut labore et dol"
93186,CaseyDz48,2024-04-25 09:59:12,,,135,"Lorem ipsum dolor sit amet, consectetur adipiscing elit. Sed do eiusmod tempor incididunt ut labore et dolore magna aliqua. Vivamus lacinia odio vitae vestibulum vestibulum. Curabitur laoreet malesuada odio at congue. In nec orci vulputate, sodales lectus nec, viverra est. Donec ac orci condimentum, dapibus nisi nec, vulputate tellus. Quisque non risus in orci congue "
29767,MorganRo29,2024-06-25 13:15:03,https://loremflickr.com/200/200/person?lock=4,com/200/200/person?lock=4,150,"May the Force be with you. To infinity and beyond! There's no place like home. Why so serious? You can't handle the truth! Just keep swimming. I'll be back. I am your father. After all, tomorrow is another day. Here's looking at you, kid."
55924,SkylerOg236,2024-08-13 04:06:09,,,27,"Lorem ipsum dolor sit amet, consectetur adipiscing elit. Sed do eiusmod tempor incididunt ut labore et dolore magna aliqua. Vivamus lacinia odio vitae vestibulum vestibulum. Curabitur laoreet malesuada odio at congue. In"
95207,BlakeWb561,2024-02-25 01:08:52,https://loremflickr.com/200/200/person?lock=2,com/200/200/person?lock=2,149,May the Force be with you. To infinity and beyond! There's no place like home.
11647,TaylorOn760,2024-02-29 06:18:08,https://picsum.photos/200/300.jpg,jpg,36,"Lorem ipsum dolor sit amet, consectetur adipiscing elit. Sed do eiusmod tempor incididunt ut labore et dolore magna aliqua. Vivamus lacinia odio vitae vestibulum vestibulum. Curabitur laoreet malesuada odio at congue. In nec orci vulputate, sodales lectus nec, viverra es"
27120,CaseyOi152,2024-09-29 04:37:12,,,65,May the Force be with you. To infinity and beyond! There's no pl
67233,BlakeVe57,2024-06-04 02:40:24,,,92,"Lorem ipsum dolor sit amet, consectetur adipiscing elit. Sed do eiusmod tempor incididunt ut labore et dolore magna aliqua. Vivamus lacinia odio vitae vestibul"
87744,CaseyTl966,2024-06-15 17:15:02,,,44,May the Force be with you. To infinity and beyond! There's no p
89011,AlexCy153,2024-01-23 21:04:30,,,56,"Lorem ipsum dolor sit amet, consectetur adipiscing elit. Sed do eiusmod tempor incidid"
33876,CaseyDz48,2024-06-24 22:47:30,https://loremflickr.com/200/200/person?lock=2,com/200/200/person?lock=2,105,May the Force be with you. To infinity and beyond! There's no place like home. Why so serious? You can't handle the truth! 
83139,ChrisNh567,2024-03-26 12:47:06,,,117,"Lorem ipsum dolor sit amet, consectetur adipiscing elit. Sed do eiusmod tempor incididunt ut labo"
30896,CameronDo124,2024-06-04 16:26:27,,,120,"May the Force be with you. To infinity and beyond! There's no place like home. Why so serious? You can't handle the truth! Just keep swimming. I'll be back. I am your father. After all, tomorrow is another day. Here's looking at you, kid."
62171,AlexYo629,2024-05-04 03:12:02,,,115,"Lorem ipsum dolor sit amet, consectet"
50063,AlexDd180,2024-02-23 15:37:12,,,38,"Lorem ipsum dolor sit amet, consectetur adipiscing elit. Sed do eiusmod tempor incididunt ut labore et dolore magna aliqua. Vivamus lacinia odio vitae vestibulum vestibulum. Curabitur laoreet malesuada odio at congue. In nec orci vulputate, sodales lectus nec, viverra est. Donec ac orci condimentum, dapibus nisi nec, vulputate tellus. Quisque non risus in orci congue viverra. Ut non "
95621,CaseyTl966,2024-01-19 20:13:58,https://xsgames.co/randomusers/avatar.php?g=male,php?g=male,112,"May the Force be with you. To infinity and beyond! There's no place like home. Why so serious? You can't handle the truth! Just keep swimming. I'll be back. I am your father. After all, tomorrow is another day. Here's looking at you, kid."
81836,TaylorMm428,2024-07-18 23:13:33,https://picsum.photos/200/300.jpg,jpg,110,"Lorem ipsum dolor sit amet, consectetur adipiscing elit. Sed do eiusmod tempor incididunt ut labore et dolore "
48583,BlakeVe57,2024-05-01 15:24:50,https://loremflickr.com/200/200/person?lock=2,com/200/200/person?lock=2,123,"Lorem ipsum dolor sit amet, consectetur adipiscing elit. Sed do eiusmod tempor incididunt ut labore et dolore magna aliqua. Vivamus lacinia odio vitae vestibulum vestibulum. Curabitur laoreet malesuada odio at congue. In nec orci vulputate, sodales lectus nec, viverra est. Donec ac orci condimentum, dapibus nisi nec, vulputate tellus. Quisque non ri"
39777,CaseyRd356,2024-06-05 05:04:58,,,27,May the Force be with you. To infinity and beyond! There's no place like home. Why so serious? You can't handle the truth! Just ke
33819,JordanUl233,2024-01-20 20:40:01,https://loremflickr.com/200/200/person?lock=3,com/200/200/person?lock=3,48,"May the Force be with you. To infinity and beyond! There's no place like home. Why so serious? You can't handle the truth! Just keep swimming. I'll be back. I am your father. After all, tomorrow is another day. Here's looking at you, kid."
58541,CameronDj640,2024-05-15 04:20:38,https://xsgames.co/randomusers/avatar.php?g=male,php?g=male,45,"Lorem ipsum dolor sit amet, consectetur adipiscing elit. Sed do eiusmod tempor incididunt ut labore et dolore magna aliqua. Vivamus lacinia odio vitae vestibulum vestibulum. Curabitur laoreet malesuada odio at congue. In nec orci vulputate, sodales lectus nec, viverra est. Donec ac orci condimentum, dapibus nisi nec, vulputate tellus. Quisque non risus in orci congue viver"
94861,AlexCy153,2024-07-28 01:20:24,,,107,"May the Force be with you. To infinity and beyond! There's no place like home. Why so serious? You can't handle the truth! Just keep swimming. I'll be back. I am your father. After all, tomorrow is another day. Here's looking at you, kid."
35709,MorganJf795,2024-09-04 18:37:01,https://loremflickr.com/200/200/person?lock=2,com/200/200/person?lock=2,64,May the Force be with you.
22475,MorganRo29,2024-01-14 06:14:46,https://loremflickr.com/200/200/person?lock=1,com/200/200/person?lock=1,135,May the Force be with
22359,TaylorMm428,2024-08-30 20:11:36,,,94,"May the Force be with you. To infinity and beyond! There's no place like home. Why so serious? You can't handle the truth! Just keep swimming. I'll be back. I am your father. After all, tomorrow is another day. Here's looking at you, kid."
42974,JordanYg13,2024-06-28 01:11:33,https://xsgames.co/randomusers/avatar.php?g=male,php?g=male,60,"Lorem ipsum dolor sit amet, consectetur adipiscing elit. Sed do eiusmod tempor incididunt ut labore et dolore magna aliqua. Vivamus lacinia odio vitae vestibulum vestibulum. Curabitur laoreet malesuada odio at congue. In nec orci vulputate, sodales lectus nec, viverra est. Donec ac orci condimentum, dapibus nisi nec, vulputate tellus"
57203,ChrisNh567,2024-02-01 10:04:33,https://picsum.photos/seed/42/200/300,photos/seed/42/200/300,157,"Lorem ipsum dolor sit amet, consectetur adipiscing elit. Sed do eiusmod tempor incididunt ut labore et dolore magna aliqua. Vivamus lacinia odio vitae vestibulum vestibulum. Curabitur laoreet malesuada odio at congue. In nec or"
19743,MorganRo29,2024-03-26 02:40:07,https://loremflickr.com/200/200/person?lock=3,com/200/200/person?lock=3,71,"Lorem ipsum dolor sit amet, consectetur adipiscing elit. Sed do eiusmod tempor incididunt ut labore et"
77840,ChrisIh187,2024-03-31 18:11:57,https://loremflickr.com/200/200/person?lock=1,com/200/200/person?lock=1,148,"Lorem ipsum dolor sit amet, consectetur adipiscing elit. Sed do eiusmod tempor incididunt ut labore et dol"
58232,MorganMs563,2024-07-11 10:22:05,https://loremflickr.com/200/200/person?lock=4,com/200/200/person?lock=4,76,"May the Force be with you. To infinity and beyond! There's no place like home. Why so serious? You can't handle the truth! Just keep swimming. I'll be back. I am your father. After all, tomorrow is another day. Here's looking at you, kid."
44364,SkylerLu477,2024-06-29 08:14:32,https://picsum.photos/seed/42/200/300,photos/seed/42/200/300,138,"Lorem ipsum dolor sit amet, consectetur adipiscing elit. Sed do eiusmod tempor incididunt ut labore et dolore magna aliqua. Vivamus lacinia odio vitae vestibulum vestibulum. Curabitur laoreet malesuada odio at congue. In nec orci vulputate, soda"
32320,CaseyGp910,2024-04-16 08:40:49,https://picsum.photos/id/10/200/300,photos/id/10/200/300,85,"Lorem ipsum dolor sit amet, consectetur adipiscing elit. Sed do eiusmod tempor incididunt ut labore et dolore magna aliqua. Vivamus "
31567,TaylorYy840,2024-04-16 14:05:05,,,92,"May the Force be with you. To infinity and beyond! There's no place like home. Why so serious? You can't handle the truth! Just keep swimming. I'll be back. I am your father. After all, tomorrow is another day. Here's looking at you, kid."
40836,BlakeVe57,2024-04-01 03:48:36,,,74,"Lorem ipsum dolor sit amet, consectetur adipiscing elit. Sed do eiusmod tempor incididunt ut labore et dolore magna aliqua. Vivamus lacinia odio vitae vestibulum vestibulum. Curabitur laoreet malesuada odio at congue. In nec orci vulputate, sodales lectus nec, viverra est. Donec ac orci condimen"
93612,MorganYc25,2024-07-05 19:17:43,,,46,"Lorem ipsum dolor sit amet, consectetur adipiscing elit. Sed do eiusmod tempor incididunt ut labore et dolore magna aliqua. Vivamus lacinia odio vitae vestibulum vestibulum. Curabitur"
97624,JordanZi984,2024-01-04 14:10:32,https://loremflickr.com/200/200/person?lock=1,com/200/200/person?lock=1,82,"Lorem ipsum dolor sit amet, consectetur adipiscing elit. Sed do eiusmod tempor incididunt ut labore et dolore magna aliqua. Vivamus lacinia odio vitae vestibulum vestibulum. Curabitur laoreet malesuada odio at congue. In nec orci vulputate, sodales lectus nec, viverra est. Donec ac orci condimentum, dapibus nisi nec, vulputate tellus. Quisque non risus in orci congue viverra. Ut non nisi id sapien"
77870,MorganDv523,2024-10-01 16:22:16,,,13,"Lorem ipsum dolor sit amet, consectetur adipiscing e"
30901,JamieXz14,2024-01-26 19:12:03,,,18,"Lorem ipsum dolor sit amet, consectetur adipiscing elit. Sed do eiusmod tempor incididunt ut labore et dolore magna aliqua. Vivamus lacinia odio vitae vestibulum vestibulum. Curabitur laoreet malesuada odio at congue. In nec orci vulputate, sodales lectus nec, viver"
95893,BlakeMv249,2024-06-30 15:10:30,https://picsum.photos/200/300.jpg,jpg,108,Lorem ipsum d
27744,MorganTd189,2024-08-19 23:10:29,https://loremflickr.com/200/200/person?lock=5,com/200/200/person?lock=5,134,"Lorem ipsum dolor sit amet, consectetur adipiscing elit. Sed do eiu"
68250,JordanLk189,2024-07-01 21:23:23,,,45,Lorem ipsum dolor sit amet
27596,TaylorEi50,2024-07-19 22:13:15,https://xsgames.co/randomusers/avatar.php?g=male,php?g=male,31,"May the Force be with you. To infinity and beyond! There's no place like home. Why so serious? You can't handle the truth! Just keep swimming. I'll be back. I am your father. After all,"
18262,ChrisIh187,2024-08-14 10:18:21,,,26,"May the Force be with you. To infinity and beyond! There's no place like home. Why so serious? You can't handle the truth! Just keep swimming. I'll be back. I am your father. After all, tomorrow is another day. Here's looking at you, kid."
14921,MorganDv523,2024-09-23 18:15:36,https://xsgames.co/randomusers/avatar.php?g=male,php?g=male,85,May the Force be with you. To infinity and beyond! There's no place like home. Why so serious? You can't handl
37704,ChrisNh567,2024-03-08 06:27:22,https://loremflickr.com/200/200/person?lock=2,com/200/200/person?lock=2,107,"Lorem ipsum dolor sit amet, consectetur adipiscing elit. Sed do eiusmod tempor"
13099,SkylerLu477,2024-09-14 09:10:47,https://loremflickr.com/200/200/person?lock=2,com/200/200/person?lock=2,7,"Lorem ipsum dolor sit amet, consectetur adipiscing elit. Sed do eiusmod tempor incididunt ut labore et dolore magna aliqua. V"
35342,ChrisRn298,2024-06-26 05:15:22,https://loremflickr.com/200/200/person?lock=2,com/200/200/person?lock=2,78,"Lorem ipsum dolor sit amet, consectetur adipiscing elit. Sed do eiusmod tempor incididunt ut labore et dolore magna aliqua. Vivamus lacinia odio vitae vestibulum vestibulum. Curabitur laoreet malesuada odio at congue. In nec orci vulputate, sodales lectus nec, viverra est. Donec ac orci condimentum, dapibus nisi nec, vulputate"
68409,AlexYo629,2024-01-15 17:20:14,https://loremflickr.com/200/200/person?lock=5,com/200/200/person?lock=5,25,"Lorem ipsum dolor sit amet, consectetur adipiscing elit. Sed do eiusmod tempor incididunt ut labore et dolore magna aliqua. Vivamus lacinia odio vitae vestibulum vestibulum. Curabitur laoreet malesuada odio at congue. In nec orci v"
47629,BlakeWb561,2024-02-28 21:43:20,,,122,"May the Force be with you. To infinity and beyond! There's no place like home. Why so serious? You can't handle the truth! Just keep swimming. I'll be back. I am your father. After all, tomorrow is another day. Here's looking at you, kid."
20083,ChrisIh187,2024-06-18 23:23:04,https://picsum.photos/id/10/200/300,photos/id/10/200/300,121,"Lorem ipsum dolor sit amet, consectetur adipiscing elit. Sed do eiusmod tempor incididunt ut labore et dolore magna aliqua. Vivamus lacinia odio vitae vestibulum vestibulum. Curabitur laoreet malesuada odio at congue. In nec orci vulputate, sodales lectus nec, viverra est. Donec ac orci condiment"
84368,MorganDv523,2024-01-24 13:52:15,,,68,"May the Force be with you. To infinity and beyond! There's no place like home. Why so serious? You can't handle the truth! Just keep swimming. I'll be back. I am your father. After all, tomorrow is another day. Here's looking at you, kid."
78962,MorganDv523,2024-09-24 23:42:11,,,66,"May the Force be with you. To infinity and beyond! There's no place like home. Why so serious? You can't handle the truth! Just keep swimming. I'll be back. I am your father. After all, tomorrow is another day. Here's looking at you, kid."
26582,CaseyNs301,2024-01-01 15:20:31,,,122,"May the Force be with you. To infinity and beyond! There's no place like home. Why so serious? You can't handle the truth! Just keep swimming. I'll be back. I am your father. After all, tomorrow is another day. H"
32127,TaylorEi50,2024-03-31 08:20:00,,,60,"May the Force be with you. To infinity and beyond! There's no place like home. Why so serious? You can't handle the truth! Just keep swimming. I'll be back. I am your father. After all, tomorrow is another day. Here's looking at you, kid."
10927,AlexDd180,2024-07-08 02:24:43,https://loremflickr.com/200/200/person?lock=1,com/200/200/person?lock=1,83,"Lorem ipsum dolor sit amet, consectetur adipiscing elit. Sed do eiusmod tempor incididunt ut labore et dolore magna aliqua. Vivamus lacinia odio vitae vestibulum vestibulum. Curabitur laoreet malesuada odio at congue. In nec orci vulputate, sodales lectus nec, viverra est. Donec ac orci cond"
46747,BlakeVe57,2024-01-20 01:06:57,https://picsum.photos/200/300.jpg,jpg,126,"Lorem ipsum dolor sit amet, consectetur adipiscing elit. Sed do eiusmod tempor incididunt ut labore et dolore magna aliqua. Vivamus lacinia odio vitae vestibulum vestibulum. Curabitur laoreet malesuada odio at congue. In nec orci vulputate, so"
70421,TaylorCo736,2024-07-04 09:11:49,https://xsgames.co/randomusers/avatar.php?g=female,php?g=female,105,"May the Force be with you. To infinity and beyond! There's no place like home. Why so serious? You can't handle the truth! Just keep swimming. I'll be back. I am your father. After all, tomorrow is another day. Here's l"
90080,TaylorEi50,2024-02-19 18:32:31,https://loremflickr.com/200/200/person?lock=5,com/200/200/person?lock=5,80,"Lorem ipsum dolor sit amet, consectetur adipiscing elit. Sed do eiusmod tempor incididunt ut labore et dolore magna aliqua. Vivamus lacinia od"
62363,JordanZi984,2024-09-22 21:57:27,,,138,"Lorem ipsum dolor sit amet, consectetur adipiscing elit. Sed do eiusmod tempor incididunt ut labore et dolore magna aliqua. Vivamus lacinia odio vitae vestibulum vestibulum. Curabitur laoreet malesuada odio at congue. In nec orci vulputate, sodales lectus nec, viverra est. Donec ac orci condimentum,"
39901,MorganRo29,2024-06-24 06:13:35,,,31,"Lorem ipsum dolor sit amet, consectetur adipisci"
86171,SkylerOg236,2024-03-09 19:05:26,,,21,"Lorem ipsum dolor sit amet, consectetur adipiscing elit. Sed do eiusmod tempor incididunt ut labore et dolore magna aliqua. Vivamus lacinia odio vitae vestibulum vestibulum. Curabitur laoreet malesuada odio at congue. In nec orci vulputate, sodales lectus nec, viverra est. Donec ac orci condimentum, dapibus nisi nec, vulputa"
43262,TaylorOn760,2024-08-31 20:49:01,,,91,May the Force be with you. To infinity and beyond! There's no place like home. Why s
51769,MorganRo29,2024-06-22 17:10:37,,,11,"Lorem ipsum dolor sit amet, consectetur adipiscing elit. Sed do eiusmod tempor incididunt ut labore et dolore magna aliqua. Vivamus lacinia odio vitae vestibulum vestibulum. Curabitur laoreet malesuada odi"
49814,TaylorCr521,2024-04-02 00:15:44,https://loremflickr.com/200/200/person?lock=3,com/200/200/person?lock=3,100,"Lorem ipsum dolor sit amet, consectetur adipiscing elit. Sed do eiusmod tempor incididunt ut labore et dolore magna aliqua. Vivamus lacinia odio vitae vestibulum vestibulum. Curabitur laoreet malesuada odio at congue. In nec orci vulputate, sodales lectus nec, viverra "
15960,JordanNs560,2024-05-31 14:39:45,https://picsum.photos/200/300.jpg,jpg,150,May the Force be with you. To infinity and beyond! There's no place like home. Why so serious? You can't handle the truth! Just keep swimming. I'll be back. I am your father. After al
96459,JamieZw928,2024-04-14 09:23:37,https://xsgames.co/randomusers/avatar.php?g=male,php?g=male,146,May the Force be with you. To infinity and beyond! There's no place like home. Why so serious? You can't handle the truth! Just keep swimming. I'll be back. I am your father. Af
33504,ChrisRn298,2024-09-20 10:35:16,https://loremflickr.com/200/200/person?lock=5,com/200/200/person?lock=5,37,"Lorem ipsum dolor sit amet, consectetur adipiscing elit. Sed do eiusmod tempor incididunt ut labore et dolore magna aliqua. Vivamus lacinia odio vitae vestibulum vestibulum. Curabitur laoreet malesuada odio at congue. In nec orci vulputate, sodales lectus nec, viverra est. Donec ac orci condimentum, dapibus nisi nec, vulputate tellus. Quisque non risus in orci "
76017,JordanUl233,2024-04-11 07:44:22,https://loremflickr.com/200/200/person?lock=5,com/200/200/person?lock=5,130,"May the Force be with you. To infinity and beyond! There's no place like home. Why so serious? You can't handle the truth! Just keep swimming. I'll be back. I am your father. After all, tomorrow is another day. Here's looking at you, kid."
38413,MorganJf795,2024-08-25 05:34:48,https://picsum.photos/seed/42/200/300,photos/seed/42/200/300,138,May the Force be with you. To infinity and beyond! There's no plac
18966,BlakeVe57,2024-04-16 20:17:30,,,145,"Lorem ipsum dolor sit amet, consectetur adipiscing elit. Sed do eiusmo"
63909,AlexDd180,2024-09-08 13:33:31,https://loremflickr.com/200/200/person?lock=1,com/200/200/person?lock=1,127,"Lorem ipsum dolor sit amet, consectetur adipiscing elit. Sed do eiusmod tempor incididunt ut labore et dolore magna aliqua. Vivamus lacinia odio vitae vestibulum vestibulum. Curabitur laoreet"
50609,ChrisLj821,2024-03-30 04:38:14,,,50,"Lorem ipsum dolor sit amet, consectetur adipiscing elit. Sed do eiusmod tempor incididunt ut labore et dolore magna ali"
34450,MorganDv523,2024-03-24 12:40:30,,,67,"May the Force be with you. To infinity and beyond! There's no place like home. Why so serious? You can't handle the truth! Just keep swimming. I'll be back. I am your father. After all, tomorrow is another day. Here's looking at you, kid."
63579,JordanYg13,2024-08-11 23:33:25,,,73,"Lorem ipsum dolor sit amet, consectetur adipiscing elit. Sed do eiusmod tempor incididunt ut labore et dolore magna aliqua. Vivamus lacinia odio vitae ves"
73258,TaylorEi50,2024-05-14 09:02:24,,,12,"Lorem ipsum dolor sit amet, consectetur adipiscing elit. Sed do eiusmod tempor incididunt ut labore et dolore magna aliqua. Vivamus lacinia odio vitae vestibulum vestibulum. Curabitur laoreet malesuada odio at congue. In nec orci vulpu"
11002,CameronDo124,2024-06-08 22:08:40,https://loremflickr.com/200/200/person?lock=3,com/200/200/person?lock=3,43,"Lorem ipsum dolor sit amet, consectetur adipiscing elit. Sed do eiusmod tempor incididunt ut labore et dolore magna aliqua. Vivamus lacinia odio vitae vestibulum vestibulum. Curabitur laoreet malesuada odio at congue. In nec orci vulputate, sodales lectus nec, viverra est. Donec ac orci condimentum, dapibus nisi nec, vulputate tellus. "
50726,BlakeMv249,2024-01-15 13:46:58,,,12,May the Force be with you. To infinity and beyond! There's no place like home. Why so serious? You can't handle the t
27970,TaylorCr521,2024-04-14 07:37:31,,,126,"Lorem ipsum dolor sit amet, consectetur adipiscing elit. Sed do eiusmod tempor incididunt ut labore et dolore magna aliqua. Vivamus lacinia odio vitae vestibulum vestibulum. Curabitur laoreet malesuada odio at congue. In nec orci vulputate, sodal"
93929,TaylorCr521,2024-01-02 00:46:28,https://picsum.photos/seed/42/200/300,photos/seed/42/200/300,45,"Lorem ipsum dolor sit amet, consectetur adipiscing elit. Sed do eiusmod tempor incididunt ut labore et dolore magna aliqua. Vivamus lacinia odio vitae vestibulum vestibulum. Curabitur laoreet malesuada odio at congue. In nec orci vulputate, sodales lectus nec, viverra est. Donec ac orci condimentum, dapibus nisi nec, vulputate tellus. Quisque"
51656,JordanZi984,2024-06-05 14:57:51,,,149,"May the Force be with you. To infinity and beyond! There's no place like home. Why so serious? You can't handle the truth! Just keep swimming. I'll be back. I am your father. After all, tomorrow is another day. Here's looking at you, kid."
97887,BlakeMv249,2024-05-30 17:26:20,,,7,"May the Force be with you. To infinity and beyond! There's no place like home. Why so serious? You can't handle the truth! Just keep swimming. I'll be back. I am your father. After all, tomorrow is another day. Here's looking at you, kid."
43951,JordanFy200,2024-09-26 12:36:00,https://loremflickr.com/200/200/person?lock=3,com/200/200/person?lock=3,143,"May the Force be with you. To infinity and beyond! There's no place like home. Why so serious? You can't handle the truth! Just keep swimming. I'll be back. I am your father. After all, tomorrow is another day. Here's looking at you, kid."
12696,ChrisLj821,2024-04-22 09:56:36,,,151,"May the Force be with you. To infinity and beyond! There's no place like home. Why so serious? You can't handle the truth! Just keep swimming. I'll be back. I am your father. After all, "
82735,MorganDv523,2024-01-29 19:12:14,,,101,"Lorem ipsum dolor sit amet, consectetur adipiscing elit. Sed do eiusmod tempor incididunt ut labore et dolore magna aliqua. Vivamus lacinia odio vitae vestibulum vestibulum. Curabitur laoreet malesuada odio at congue. In nec orci vulputate, sodales lectus nec, viverra est. "
73512,JordanNs560,2024-05-02 21:50:42,https://xsgames.co/randomusers/avatar.php?g=female,php?g=female,71,"Lorem ipsum dolor sit amet, consectetur adipiscing elit. Sed do eiusmod tempor incididunt ut labore et dolore magna aliqua. Vivamus lacinia odio vita"
94737,CameronDj640,2024-07-29 17:25:02,,,35,Lorem ipsum dolor sit ame
43891,MorganMs563,2024-04-15 04:04:45,https://picsum.photos/id/10/200/300,photos/id/10/200/300,78,"Lorem ipsum dolor sit amet, consectetur adipiscing elit. Sed do eiusmod tempor incididunt ut labore et dolore magna aliqua. Vivamus lacinia odio"
17586,CaseyTl966,2024-09-02 09:20:22,https://loremflickr.com/200/200/person?lock=5,com/200/200/person?lock=5,94,"Lorem ipsum dolor sit amet, consectetur adipiscing elit. Sed do eiusmod tempor incididunt ut labore et dolore magna aliqua. Vivamus lacinia odio vitae vestibulum vestibulum. Curabitur laoreet malesuada odio at congue. In nec orci vulputate, sodales lectus nec, viverra est. Donec ac orci condimentum, dapibus nisi nec, vulputate te"
79525,ChrisIh187,2024-02-25 21:56:05,,,86,"Lorem ipsum dolor sit amet, "
78386,MorganRo29,2024-07-29 00:25:20,,,33,May the Force be with you. To infinity and beyond! There's no place like home. 
28085,ChrisLj821,2024-03-07 05:51:09,https://loremflickr.com/200/200/person?lock=5,com/200/200/person?lock=5,110,"May the Force be with you. To infinity and beyond! There's no place like home. Why so serious? You can't handle the truth! Just keep swimming. I'll be back. I am your father. After all, tomorrow is another d"
41255,ChrisIh187,2024-06-14 02:18:08,,,81,"Lorem ipsum dolor sit amet, consectetur adipiscing elit. Sed do eiusmod tempor incididunt ut labore et dolore magna aliqua. Vivamus lacinia odio vitae vestibulum vestibulum. Curabitur laoreet malesuada odio at congue. In nec orci vulputate, sodales lectus nec, viverra est. Donec ac orci condimentum, dapibus nisi"
76920,ChrisHj160,2024-10-02 03:23:45,,,119,May the Force be wi
51785,JordanUl233,2024-08-15 20:00:24,,,34,"Lorem ipsum dolor sit amet, consectetur adipiscing elit. Sed do eiusmod tempor incididunt ut labore et dolore magna aliqua. Vivamus lacinia odio vitae vestibulum vestibulum. Curabi"
94125,ChrisNh567,2024-01-27 02:34:20,,,98,"Lorem ipsum dolor sit amet, consectetur adipiscing elit. Sed do eiusmod tempor incididunt ut labore et dolore magna aliqua. Vivamus lacinia odio vitae vestibulum vestibulum. Curabitur laoreet malesuada odio at c"
84763,AlexYo629,2024-07-10 20:12:35,https://loremflickr.com/200/200/person?lock=2,com/200/200/person?lock=2,2,"Lorem ipsum dolor sit amet, consectetur adipiscing elit. Sed do eiusmod tempor incididunt ut labore et dolore magna aliqua. Vivamus lacinia odio vitae vestibulum vestibulum. Curabitur laoreet malesua"
77656,BlakeVe57,2024-05-02 07:50:51,,,110,May the Force be with you. To infinity and beyond! There's no place like home. Why so serious? You can't handle the truth! Just k
56246,CaseyRd356,2024-03-29 14:44:25,https://loremflickr.com/200/200/person?lock=3,com/200/200/person?lock=3,158,"May the Force be with you. To infinity and beyond! There's no place like home. Why so serious? You can't handle the truth! Just keep swimming. I'll be back. I am your father. After all, tomorrow is another day. Here's looking at you, kid."
13058,AlexYo629,2024-02-08 14:33:10,,,50,"Lorem ipsum dolor sit amet, consectetur adipiscing elit. Sed do eiusmod tempor incididunt ut labore et dolore magna aliqua. Viv"
15119,ChrisIh187,2024-08-17 21:55:24,https://picsum.photos/200/300.jpg,jpg,37,"Lorem ipsum dolor sit amet, consectetur adipiscing elit. Sed do eiusmod tempor incididunt ut labore et dolore magna aliqua. Vivamus lacinia odio vitae vestibulum vestibulum. Curabitur laoreet malesuada odio at congue. In nec orci vulputate, sodales lectus nec, viverra est. D"
93865,MorganRo29,2024-09-17 12:36:37,,,97,May the Force be with you. To infinity and beyond! There's no plac
76541,CameronNa615,2024-03-14 07:48:41,,,48,"Lorem ipsum dolor sit amet, consectetur"
28147,JordanNr896,2024-01-09 16:11:09,https://picsum.photos/200/300.jpg,jpg,88,"May the Force be with you. To infinity and beyond! There's no place like home. Why so serious? You can't handle the truth! Just keep swimming. I'll be back. I am your father. After all, tomorrow is another day. Here's looking at yo"
62163,MorganMs563,2024-03-05 07:30:54,,,141,May the Force be with you. To infinity and beyond! There's no place like home. Why so serious? You can't handle the truth! Just keep 
11780,JordanUl233,2024-03-15 08:01:26,https://picsum.photos/200/300.jpg,jpg,147,"Lorem ipsum dolor sit amet, consectetur adipiscing elit. Sed do eiusmod tempor incididunt ut labore et dolore magna ali"
57357,CameronDo124,2024-05-03 17:43:34,,,157,May the Force be with you. To infinity and beyond! There's no place like home. Why so serious? You can't handle the truth! Just keep swimming. I'll be back. I am your f
86338,JamieXz14,2024-02-07 08:32:17,https://loremflickr.com/200/200/person?lock=5,com/200/200/person?lock=5,28,"Lorem ipsum dolor sit amet, consectetur adipiscing elit. Sed do eiusmod tempor incididunt ut labore et dolore magna aliqua. Vivamus lacinia odio vitae vestibulum vestibulum. Curabitur laoreet malesuada odio at congue. In nec orci vulputate, sodales lectus nec, viverra est. Donec ac orci condimentum, dapibus nisi nec, vulputate tellu"
78026,JordanYg13,2024-09-05 16:18:58,,,67,"May the Force be with you. To infinity and beyond! There's no place like home. Why so serious? You can't handle the truth! Just keep swimming. I'll be back. I am your father. After all, tomorrow is another day. Here's looking at you, kid."
22196,ChrisZv227,2024-04-11 09:24:10,,,95,"Lorem ipsum dolor sit amet, consectetur adipiscing elit. Sed do eiusmod tempor incididunt ut labore et dolore magna aliqua. Vivamus lacinia odio vitae vestibulum vestibulum. Curab"
13322,MorganTd189,2024-04-23 20:18:13,,,41,"Lorem ipsum dolor sit amet, consectetur adipiscing elit. Sed do"
33529,MorganRo29,2024-07-18 20:21:51,https://loremflickr.com/200/200/person?lock=5,com/200/200/person?lock=5,8,"May the Force be with you. To infinity and beyond! There's no place like home. Why so serious? You can't handle the truth! Just keep swimming. I'll be back. I am your father. After all, tomorrow is another day. Here's looking at you, kid."
99208,CameronDo124,2024-03-13 15:43:45,https://picsum.photos/200/300.jpg,jpg,54,"May the Force be with you. To infinity and beyond! There's no place like home. Why so serious? You can't handle the truth! Just keep swimming. I'll be back. I am your father. After all, tomorrow is another day. Here's looking at you, kid."
95897,JordanLk189,2024-09-17 07:48:58,,,137,"May the Force be with you. To infinity and beyond! There's no place like home. Why so serious? You can't handle the truth! Just keep swimming. I'll be back. I am your father. After all, tomorrow is another day. Here's looking at you, kid."
86467,CaseyOi152,2024-09-17 10:01:45,https://loremflickr.com/200/200/person?lock=4,com/200/200/person?lock=4,66,"Lorem ipsum dolor sit amet, consectetur adipiscing elit. Sed do eiusmod tempor incididunt ut labore et dolore magna aliqua. Vivamus lacinia odio vitae vestibulum vestibulum. Curabitur laoreet malesua"
55718,JordanZi984,2024-04-15 09:45:29,https://picsum.photos/id/10/200/300,photos/id/10/200/300,105,May the Force be with you. To inf
83324,CameronDj640,2024-01-04 07:37:17,,,74,"Lorem ipsum dolor sit amet, consectetur adipiscing elit. Sed do eiusmod tempor incididunt ut labore et dolore magna aliqua. Vivamus lacinia odio vitae vestibulum vestibulum. Curabitur laoreet malesuada odio at congue. In nec orci vulputate, sodales lectus nec, viverra e"
47858,MorganDv523,2024-03-27 02:42:04,https://loremflickr.com/200/200/person?lock=3,com/200/200/person?lock=3,14,"Lorem ipsum dolor sit amet, consectetur adipiscing elit. Sed do eiusmod tempor incididunt ut labore et dolore magna aliqua. Vivamus lacinia odio vitae vestibulum vestibulum. Curabitur laoreet malesuada odio at congue. In nec orci vulputate, sodales lectus nec, viverra "
48582,BlakeVe57,2024-07-23 02:01:54,https://loremflickr.com/200/200/person?lock=2,com/200/200/person?lock=2,60,"Lorem ipsum dolor sit amet, consectetur adipiscing elit. Sed do eiusmod tempor incididunt ut labore et dolore magna aliqua. Vivamus lacinia odio vitae vestibulum vestibulum. Curabitur laoreet malesuada odio at congue. In nec orci vulputate, sodales lectus nec, viverra est. Donec ac"
92352,TaylorCr521,2024-04-06 02:22:30,https://picsum.photos/id/10/200/300,photos/id/10/200/300,31,"Lorem ipsum dolor sit amet, consectetur adipiscing elit. Sed do eiusmod tempor incididunt ut labore et dolore magna aliqua. Vivamus lacinia odio vitae vestibulum vestibulum. Curabitur laoreet malesuada odio at congue. In nec orc"
47455,JamieXz14,2024-03-12 15:42:06,,,157,"Lorem ipsum dolor sit amet, consectetur adipiscing elit. Sed do eiusmod tempor incididunt ut labore et dolore magna aliqua. Vivamus lacinia odio vitae vestibulum vestibulum. Curabitur laoreet malesua"
20171,ChrisLj821,2024-06-06 07:33:42,https://picsum.photos/seed/42/200/300,photos/seed/42/200/300,46,"May the Force be with you. To infinity and beyond! There's no place like home. Why so serious? You can't handle the truth! Just keep swimming. I'll be back. I am your father. After all, to"
17415,BlakeMv249,2024-01-26 11:05:29,https://loremflickr.com/200/200/person?lock=3,com/200/200/person?lock=3,47,"May the Force be with you. To infinity and beyond! There's no place like home. Why so serious? You can't handle the truth! Just keep swimming. I'll be back. I am your father. After all, tomorrow is another day. Here's looking at you, kid."
95173,AlexYo629,2024-05-03 23:39:22,https://loremflickr.com/200/200/person?lock=4,com/200/200/person?lock=4,57,"Lorem ipsum dolor sit amet, consectetur adipiscing elit. Sed do eiusmod tempor incididunt ut labore et dolore magna aliqua. Vivamus lacinia odio vitae vestibulum vestibulum. Curabitur laoreet malesuada odio at congue. In nec orci vulputate, sodales lectus nec, viver"
77749,BlakeWb561,2024-09-10 02:08:11,,,152,"Lorem ipsum dolor sit amet, consectetur adipiscing elit. Sed do eiusmod tempor incididunt ut labore et dolore magna aliqua. Vivamus lacinia odio vitae vestibulum vestibulum. Curabitur laoreet malesuada odio at congue. In nec orci vul"
83077,CameronDj640,2024-09-25 11:51:55,https://loremflickr.com/200/200/person?lock=4,com/200/200/person?lock=4,146,"May the Force be with you. To infinity and beyond! There's no place like home. Why so serious? You can't handle the truth! Just keep swimming. I'll be back. I am your father. After all, tomorrow is another day. Here's looking at you, kid."
34604,TaylorCo736,2024-06-27 02:07:14,,,137,May the Force be with you. To infinity and beyond! There's no place like home. Why so serious? You can't handle the truth! Just keep swimming. I'll be back. I am you
66349,CaseyGp910,2024-06-02 22:57:04,https://xsgames.co/randomusers/avatar.php?g=female,php?g=female,19,"May the Force be with you. To infinity and beyond! There's no place like home. Why so serious? You can't handle the truth! Just keep swimming. I'll be back. I am your father. After all, tomorrow is another day. Here's looking at you, kid."
98018,ChrisZv227,2024-05-03 11:55:47,https://loremflickr.com/200/200/person?lock=4,com/200/200/person?lock=4,128,Lorem ipsum dolor sit a
97742,TaylorMk499,2024-05-02 04:11:44,,,91,"Lorem ipsum dolor sit amet, consectetur adipiscing elit. Sed do eiusmod tempor incididunt ut labore et dolore magna aliqua. Vivamus lacinia odio vitae vestibulum vestibulum. Curabitur laoreet malesuada odio at congue. In nec orci vulputate, sodales lectus nec, viverra est. Donec ac orci condimentum, dapib"
72632,MorganDv523,2024-05-30 07:24:47,,,122,May the Force be with you. To infinity and beyond! There's no p
53642,CameronNa615,2024-06-20 10:33:21,https://xsgames.co/randomusers/avatar.php?g=female,php?g=female,146,"Lorem ipsum dolor sit amet, consectetur adipiscing elit. Sed do eiusmod tempor incididunt ut labore et dolore magna aliqua. Vivamus lacinia odio vitae vestibulum vestibulum. Curabitur laoreet malesuada odio at congue. In nec orci vulputate, sodales lectus nec, viverra est. Donec ac orci condiment"
81805,CameronDo124,2024-02-06 23:20:36,https://loremflickr.com/200/200/person?lock=3,com/200/200/person?lock=3,63,"May the Force be with you. To infinity and beyond! There's no place like home. Why so serious? You can't handle the truth! Just keep swimming. I'll be back. I am your father. After all, tomorrow is another day. Here's looking at you"
43763,AlexCy153,2024-07-09 06:40:57,,,97,"May the Force be with you. To infinity and beyond! There's no place like home. Why so serious? You can't handle the truth! Just keep swimming. I'll be back. I am your father. After all, tomorrow is another day. Here's looking at you, kid."
33358,AlexBe971,2024-04-02 21:07:43,https://loremflickr.com/200/200/person?lock=2,com/200/200/person?lock=2,46,"May the Force be with you. To infinity and beyond! There's no place like home. Why so serious? You can't handle the truth! Just keep swimming. I'll be back. I am your father. After all, tomorrow is"
83383,CameronNa615,2024-04-11 02:51:09,https://picsum.photos/seed/42/200/300,photos/seed/42/200/300,124,May the Force be with you. To infinity and beyond! There's no place like home. Why so serious? You can't handl
12542,CameronDj640,2024-04-09 10:14:42,https://loremflickr.com/200/200/person?lock=4,com/200/200/person?lock=4,104,"Lorem ipsum dolor sit amet, consectetur adipiscing elit. Sed do eiusmod tempor incididunt ut labore et dolore magna aliqua. Vivamus la"
50468,AlexCy153,2024-02-14 05:42:11,,,153,"May the Force be with you. To infinity and beyond! There's no place like home. Why so serious? You can't handle the truth! Just keep swimming. I'll be back. I am your father. After all, tomorrow is another day. Here's looking at you, kid."
36595,MorganJf795,2024-06-05 11:40:06,,,91,"Lorem ipsum dolor sit amet, consectetur adipiscing elit. Sed do eiusmod tempor incididunt ut labore et dolore "
98574,BlakeWb561,2024-05-18 14:44:43,https://picsum.photos/seed/42/200/300,photos/seed/42/200/300,2,"Lorem ipsum dolor sit amet, consectetur adipiscing elit. Sed do eiusmod tempor incididunt ut labore et dolore magna aliqua. Vivamus lacinia odio vitae vestibulum vestibulum. Curabitur laoreet malesuada odio at congue. In nec orci vulputate, sodales lectus nec, viverra est. Donec ac orci condimentum, dapibus nisi nec, vulputate tellus. Quisque n"
77649,TaylorMk499,2024-05-11 03:31:45,https://picsum.photos/200/300.jpg,jpg,44,"May the Force be with you. To infinity and beyond! There's no place like home. Why so serious? You can't handle the truth! Just keep swimming. I'll be back. I am your father. After all, tomorrow is another day. Here's looking at you, kid."
45559,CaseyGp910,2024-02-05 05:23:53,https://loremflickr.com/200/200/person?lock=1,com/200/200/person?lock=1,91,"Lorem ipsum dolor sit amet, consectetur adipiscing elit. "
45175,CameronDo124,2024-01-07 23:10:48,,,62,"Lorem ipsum dolor sit amet, consectetur adipiscing elit. Sed do eiusmod tempor incididunt ut la"
77916,JordanYg13,2024-08-06 19:18:21,,,91,"May the Force be with you. To infinity and beyond! There's no place like home. Why so serious? You can't handle the truth! Just keep swimming. I'll be back. I am your father. After all, tomorrow is another day. Here's looking at you, kid."
67505,CameronDj640,2024-01-27 07:15:00,https://loremflickr.com/200/200/person?lock=4,com/200/200/person?lock=4,19,"Lorem ipsum dolor sit amet, consectetur adipiscing elit. Sed do"
40629,TaylorMm428,2024-09-09 13:58:35,https://loremflickr.com/200/200/person?lock=5,com/200/200/person?lock=5,93,"Lorem ipsum dolor sit amet, consectetur adipiscing elit. Sed do eiusmod tempor incididunt ut labore et dolore magna aliqua. Vivamus lacinia odio vitae vestibulum vestibulum. Curabitur laor"
31725,MorganXq443,2024-05-16 14:25:11,,,24,"Lorem ipsum dolor sit amet, consectetur adipiscing elit. Sed do eiusmod tempor incididunt ut labore et dolore magna aliqua. Vivamus lacinia odio vitae vestibulum vestibulum. Curabitur laoreet malesuada odio at congue. In nec o"
17074,JordanYg13,2024-02-16 23:34:45,https://loremflickr.com/200/200/person?lock=4,com/200/200/person?lock=4,138,"Lorem ipsum dolor sit amet, consectetur adipiscing elit. Sed do eiusmod tempor incididunt ut labore et dolore magna aliqua. Vivamus lacinia odio vitae vestibulum vestibulum. Curabitur laoreet malesuada odio at congue. In nec orci vulputate, sodales lectus nec, viverra est."
23080,MorganTd189,2024-02-21 09:47:56,https://loremflickr.com/200/200/person?lock=3,com/200/200/person?lock=3,128,"May the Force be with you. To infinity and beyond! There's no place like home. Why so serious? You can't handle the truth! Just keep swimming. I'll be back. I am your father. After all, tomorrow is another day. Her"
75366,AlexYo629,2024-04-15 16:40:02,,,154,"May the Force be with you. To infinity and beyond! There's no place like home. Why so serious? You can't handle the truth! Just keep swimming. I'll be back. I am your father. After all, tomorrow is another day. Here's looking at you, kid."
23822,JordanYg13,2024-07-11 20:39:52,https://picsum.photos/id/10/200/300,photos/id/10/200/300,19,"Lorem ipsum dolor sit amet, consectetur adipiscing elit. Sed do eiusmod tempor incididunt ut labore et dolore magna aliqua. Vivamus lacinia odio vitae vestibulum vestibulum. Curabitur laoreet malesuada odio at congue. In nec orci vulputate, sodales lectus nec, viverra est. Donec ac orci condimentum, dapibus nisi nec, vulputate tellus. Quisque non risus in orci congue viverra. Ut non nisi id sapie"
27798,CaseyDz48,2024-06-14 08:45:08,https://picsum.photos/seed/42/200/300,photos/seed/42/200/300,110,May the Force be with you. To infinity and beyond! There's no place like home. Why so serious? You can't handle 
35503,MorganTd189,2024-01-09 11:37:42,https://picsum.photos/id/10/200/300,photos/id/10/200/300,8,"Lorem ipsum dolor sit amet, consectetur adipiscing elit. Sed do eiusmod tempor incididunt ut labore et dolore magna aliqua. Vivamus lacinia odio vitae vestibulum vestibulum. Curabitur laoreet malesuada odio at congue. In nec orci vulputate, sodales lectus nec, viverra est. Donec ac orci condimentum, dapibus nisi nec, vulputate tellus. Quisque non r"
64666,MorganTd189,2024-04-05 12:51:31,https://xsgames.co/randomusers/avatar.php?g=female,php?g=female,24,"Lorem ipsum dolor sit amet, consectetur adipiscing elit. Sed do eiusmod tempor incididunt ut labore et dolore magna aliqua. Vivamus lacinia odio vitae vestibulum vestibulum. Curabitur laoreet malesuada odio at congue. In nec orci vulputate, sodales lectus nec, viverra est. Donec ac orci condimentum, dapibus nisi n"
60904,MorganDq270,2024-02-02 11:32:51,https://xsgames.co/randomusers/avatar.php?g=male,php?g=male,72,"May the Force be with you. To infinity and beyond! There's no place like home. Why so serious? You can't handle the truth! Just keep swimming. I'll be back. I am your father. After all, tomorrow is a"
33652,TaylorMk499,2024-07-11 17:29:27,,,131,"Lorem ipsum dolor sit amet, consectetur adipiscing elit. Sed do eiusmod tempor incididunt ut labore et dolore magna aliqua. Vivamus lacinia odio vitae vestibulum vestibulum. Curabitur laoreet malesuada odio at congue. In nec orci vulputate, sodales lectus nec, viverra est. Donec ac orci condimentum, dapibus nisi nec, vulputate tellus. Quisque non r"
95333,CaseyNs301,2024-10-04 05:11:27,https://xsgames.co/randomusers/avatar.php?g=male,php?g=male,57,May the Force be with you. To infinity and beyond! There's no place like home. Why so seri
33949,CaseyNs301,2024-04-05 09:21:22,,,34,"Lorem ipsum dolor sit amet, consectetur adipiscing elit"
70475,TaylorEi50,2024-09-28 01:35:37,https://loremflickr.com/200/200/person?lock=5,com/200/200/person?lock=5,86,"May the Force be with you. To infinity and beyond! There's no place like home. Why so serious? You can't handle the truth! Just keep swimming. I'll be back. I am your father. After all, tomorrow is another "
81984,JordanUl233,2024-07-02 02:20:56,,,50,"May the Force be with you. To infinity and beyond! There's no place like home. Why so serious? You can't handle the truth! Just keep swimming. I'll be back. I am your father. After all, tomorrow is another day. Here's looking at you, kid."
47402,SkylerLu477,2024-07-12 01:31:16,https://loremflickr.com/200/200/person?lock=5,com/200/200/person?lock=5,71,May the Force be with you. To infinity and beyond! Ther
41314,JordanNr896,2024-09-13 23:55:05,https://xsgames.co/randomusers/avatar.php?g=female,php?g=female,110,May the Force be 
25221,CaseyOi152,2024-02-04 23:37:21,https://loremflickr.com/200/200/person?lock=3,com/200/200/person?lock=3,59,"May the Force be with you. To infinity and beyond! There's no place like home. Why so serious? You can't handle the truth! Just keep swimming. I'll be back. I am your father. After all, tomorrow is another day. Here's looking at you, kid."
99763,JamieZw928,2024-09-17 22:36:56,https://picsum.photos/id/10/200/300,photos/id/10/200/300,93,"May the Force be with you. To infinity and beyond! There's no place like home. Why so serious? You can't handle the truth! Just keep swimming. I'll be back. I am your father. After all, tomorrow is another day. Here's looking at you, k"
91012,JordanYg13,2024-02-25 12:02:42,https://picsum.photos/200/300.jpg,jpg,135,"Lorem ipsum dolor sit amet, consectetur adipiscing elit. Sed do eiusmod tempor incididunt ut labore et dolore magna aliqua. Vivamus lacinia odio vitae vestibulum vestibulum. Curabitur"
40338,TaylorMk499,2024-06-07 20:23:32,,,26,"Lorem ipsum dolor sit amet, consectetur adipiscing elit. Sed do eiusmod tempor incididunt ut"
47530,CaseyGp910,2024-07-05 23:17:51,,,151,"May the Force be with you. To infinity and beyond! There's no place like home. Why so serious? You can't handle the truth! Just keep swimming. I'll be back. I am your father. After all, tomorrow is another day. Here's looking at you, kid."
46545,ChrisHj160,2024-02-07 01:53:01,https://loremflickr.com/200/200/person?lock=3,com/200/200/person?lock=3,94,"May the Force be with you. To infinity and beyond! There's no place like home. Why so serious? You can't handle the truth! Just keep swimming. I'll be back. I am your father. After all, tomorrow is another day. Here's looking at you, kid."
85012,TaylorMm428,2024-02-13 07:02:39,https://picsum.photos/200/300.jpg,jpg,81,May the Force be with you. To infinity and beyond! 
81018,JordanNs560,2024-03-16 00:26:16,,,132,"Lorem ipsum dolor sit amet, consectetur adipiscing elit. Sed do eiusmod tempor incididunt ut labore et dolore magna aliqua. Vivamus lacinia odio vitae vestibulum vestibulum. Curabitur laoreet malesuada odio at congue. In nec orci vulputate, sodales lectus"
15688,TaylorCo736,2024-01-24 18:03:24,,,94,"Lorem ipsum dolor sit amet, consectetur adipiscing elit. Sed do eiusmod tempor incididunt ut labore et dolore magna aliqua. Vivamus lacinia odio vitae vestibulum vest"
21890,AlexCy153,2024-02-03 23:55:57,,,152,"Lorem ipsum dolor sit amet, consectetur adipiscing elit. Sed do eiusmod tempor incididunt ut labore et dolore magna aliqua. Vivamus lacinia odio vitae vestibulum vestibulum. Curabitur laoreet malesuada od"
97302,CameronDj640,2024-01-09 14:07:27,https://loremflickr.com/200/200/person?lock=5,com/200/200/person?lock=5,55,"Lorem ipsum dolor sit amet, consectetur adipiscing elit. Sed do eiusmod tempor incidi"
53163,JamieXz14,2024-01-13 05:07:19,https://picsum.photos/seed/42/200/300,photos/seed/42/200/300,25,May the Force be with you. To infinity and beyond! There's no place like home. Why so serious? You can't handle the truth! Just keep swimming. I'll be back. I am your father
52044,CameronDo124,2024-02-21 20:40:57,,,147,May the For
28456,ChrisLj821,2024-07-11 04:29:11,,,63,"Lorem ipsum dolor sit amet, consectetur adipiscing elit. Sed do eiusmod tempor incididunt ut labore et dolore magna aliqua. Vivamus lacinia odio vita"
60755,ChrisZv227,2024-01-04 22:07:49,,,16,"May the Force be with you. To infinity and beyond! There's no place like home. Why so serious? You can't handle the truth! Just keep swimming. I'll be back. I am your father. After all, tomorrow is another day. Here's looking at you, kid."
79932,CaseyDz48,2024-05-04 20:49:33,https://picsum.photos/seed/42/200/300,photos/seed/42/200/300,129,"Lorem ipsum dolor sit amet, consectetur adipiscin"
59340,ChrisIh187,2024-09-07 05:52:43,https://loremflickr.com/200/200/person?lock=2,com/200/200/person?lock=2,150,"May the Force be with you. To infinity and beyond! There's no place like home. Why so serious? You can't handle the truth! Just keep swimming. I'll be back. I am your father. After all, tomorrow is another day. Here's looking at you, kid."
31455,ChrisRn298,2024-02-21 19:23:10,,,75,Lorem ipsum dolor sit 
53135,ChrisJj343,2024-05-17 02:43:29,https://xsgames.co/randomusers/avatar.php?g=female,php?g=female,23,May the Force be with you. To infinity and beyond! There's no place like home. Why so serio
69469,MorganMs563,2024-02-11 10:26:55,,,62,"May the Force be with you. To infinity and beyond! There's no place like home. Why so serious? You can't handle the truth! Just keep swimming. I'll be back. I am your father. After all, tomorrow is another day. Here's looking at you, kid."
96140,CaseyGp910,2024-07-21 09:31:16,,,123,"Lorem ipsum dolor sit amet, consectetur adipiscing elit. Sed do eiusmod tempor incididunt ut labore et dolore magna aliqua. Vivamus lacinia odio vitae vestibulum vest"
20121,CaseyNs301,2024-03-29 18:13:38,,,75,May the Force be with you. To infinity and beyond! There's no place like home. Why so serious? You can't handle the truth! Just kee
69573,JordanJq592,2024-08-07 10:42:27,https://xsgames.co/randomusers/avatar.php?g=female,php?g=female,147,"Lorem ipsum dolor sit amet, consectetur adipiscing elit. Sed do eiusmod tempor incididunt ut labore et dolore magna ali"
64924,BlakeWb561,2024-05-06 10:42:13,https://picsum.photos/200/300.jpg,jpg,28,"May the Force be with you. To infinity and beyond! There's no place like home. Why so serious? You can't handle the truth! Just keep swimming. I'll be back. I am your father. After all, tomorrow is another day. Here's looking at you, kid."
47009,CaseyDz48,2024-09-26 19:38:08,,,154,May the Force be with you. To infinity and beyond! There's no place like home. Why so serious? You can't handle
88986,JordanNr896,2024-04-24 03:28:28,,,63,"May the Force be with you. To infinity and beyond! There's no place like home. Why so serious? You can't handle the truth! Just keep swimming. I'll be back. I am your father. After all, tomorrow is another day. Here's looking at you, kid."
54780,MorganXq443,2024-04-14 04:33:43,https://xsgames.co/randomusers/avatar.php?g=male,php?g=male,43,"Lorem ipsum dolor sit amet, consectetur adipiscing elit. Sed do eiusmod tempor incididunt ut labore et dolore magna aliqua. Vivamus lacinia odio vitae vestibulum vestibulum. Curabitur laoreet malesuada odio at "
74762,ChrisLj821,2024-07-11 22:49:29,https://picsum.photos/id/10/200/300,photos/id/10/200/300,151,"Lorem ipsum dolor sit amet, consectetur adipiscing elit. Sed do eiusmod tempor incididunt ut labore et dolore magna aliqua. Vivamus lacin"
25085,ChrisJj343,2024-04-16 13:48:52,https://loremflickr.com/200/200/person?lock=5,com/200/200/person?lock=5,132,"Lorem ipsum dolor sit amet, consectetur adipiscing elit. Sed do eiusmod tempor incididunt ut labore et dolore ma"
54458,MorganJf795,2024-05-18 17:26:44,,,39,"May the Force be with you. To infinity and beyond! There's no place like home. Why so serious? You can't handle the truth! Just keep swimming. I'll be back. I am your father. After all, tomorrow is anot"
66816,JordanJq592,2024-05-09 03:33:15,https://picsum.photos/seed/42/200/300,photos/seed/42/200/300,5,"Lorem ipsum dolor sit amet, consectetur adipiscing elit. Sed "
18170,MorganJf795,2024-06-26 17:28:04,,,89,May the Force be with you. To infinity and beyond! There's no place like home. W
97078,AlexYo629,2024-06-13 07:27:17,https://loremflickr.com/200/200/person?lock=4,com/200/200/person?lock=4,4,May the Force be with you. To infinity and beyond! There's no place like home. Why so serious? You can't handle the tr
58282,CaseyRd356,2024-03-08 00:53:05,,,28,"Lorem ipsum dolor sit amet, consectetur adipiscing elit. Sed do eiusmod tempor incididunt ut labore et dolore magna aliqua. Vivamus lacinia odio vitae v"
40848,TaylorCr521,2024-03-04 17:40:17,https://xsgames.co/randomusers/avatar.php?g=male,php?g=male,1,"May the Force be with you. To infinity and beyond! There's no place like home. Why so serious? You can't handle the truth! Just keep swimming. I'll be back. I am your father. After all, tomorrow is another day. Here's looking at you, kid."
12341,BlakeMv249,2024-03-05 10:33:55,,,41,"May the Force be with you. To infinity and beyond! There's no place like home. Why so serious? You can't handle the truth! Just keep swimming. I'll be back. I am your father. After all, tomorrow is another day. Here's looking at you, kid."
57049,BlakeWb561,2024-06-05 08:09:27,https://loremflickr.com/200/200/person?lock=4,com/200/200/person?lock=4,113,May the Force be with you. To infinity and beyond! There's no place like home. Why so serious? You can't han
67865,TaylorOn760,2024-07-14 06:59:43,https://picsum.photos/200/300.jpg,jpg,149,"Lorem ipsum dolor sit amet, consectetur adipiscing elit. Sed do eiusmod tempor incididunt ut labore et dolore magna aliqua. Vivamus lacinia odio vitae vestibulum vestibulum. Curabitur laoreet malesuada odio at congue. In nec orci vulputate, sodales lectus nec, viverra est. Donec ac "
14414,MorganXq443,2024-01-14 16:39:10,,,96,May the Force be with you. To infinity and beyond! There's no place like 
64861,TaylorEi50,2024-09-16 08:09:32,https://xsgames.co/randomusers/avatar.php?g=male,php?g=male,96,"Lorem ipsum dolor sit amet, consectetur adipiscing elit. Sed do eiusmod tempor incididunt ut labore et dolore magna aliqua. Vivamus lacinia odio vitae vestibulum vestibulum. Curabitur laoreet malesuada odio at congue. In nec orci vulputate, sodales lectus nec, viverra est. Donec ac orci condimentum, dapibus nisi nec, vulputate tellus. Quisque non risus in orci congue viverra. Ut non nisi id sa"
18507,ChrisLj821,2024-06-19 20:29:00,https://loremflickr.com/200/200/person?lock=4,com/200/200/person?lock=4,21,May the Force be with you. To infinity and beyond! There's no place like home. Why so serious? You can't handle the truth! Just keep swimming. I'll be back. I am your father. A
64793,JordanYg13,2024-07-06 22:41:34,,,149,May the Force be with
