Rank,Peak,Section,ImageLink
1,Mount Ossa,Pelion and Saint Clair,https://images.pexels.com/photos/618833/pexels-photo-618833.jpeg
2,Legges Tor,The North East,https://images.pexels.com/photos/210243/pexels-photo-210243.jpeg
3,Mount Pelion West,Pelion and Saint Clair,https://images.pexels.com/photos/808465/pexels-photo-808465.jpeg
4,Barn Bluff,The North West,https://images.pexels.com/photos/1666012/pexels-photo-1666012.jpeg
5,Cradle Mountain,The North West,https://images.pexels.com/photos/552785/pexels-photo-552785.jpeg
6,Stacks Bluff,The North East,https://images.pexels.com/photos/671658/pexels-photo-671658.jpeg
7,Du Cane Range High Point,Pelion and Saint Clair,https://images.pexels.com/photos/15382/pexels-photo.jpg
8,Mount Massif,Pelion and Saint Clair,https://images.pexels.com/photos/67517/pexels-photo-67517.jpeg
9,King Davids Peak,The Central Plateau,https://images.pexels.com/photos/326235/pexels-photo-326235.jpeg
10,Mount Gould,Pelion and Saint Clair,https://images.pexels.com/photos/629161/pexels-photo-629161.jpeg
11,Mount Thetis,Pelion and Saint Clair,https://images.pexels.com/photos/618833/pexels-photo-618833.jpeg
12,Falling Mountain,Pelion and Saint Clair,https://images.pexels.com/photos/210243/pexels-photo-210243.jpeg
13,The Acropolis,Pelion and Saint Clair,https://images.pexels.com/photos/808465/pexels-photo-808465.jpeg
14,Mount Hyperion,Pelion and Saint Clair,https://images.pexels.com/photos/1666012/pexels-photo-1666012.jpeg
15,Mount Olympus,Pelion and Saint Clair,https://images.pexels.com/photos/552785/pexels-photo-552785.jpeg
16,Mount Pelion East,Pelion and Saint Clair,https://images.pexels.com/photos/671658/pexels-photo-671658.jpeg
17,Mount Jerusalem,The Central Plateau,https://images.pexels.com/photos/15382/pexels-photo.jpg
18,Clumner Bluff,The Central Plateau,https://images.pexels.com/photos/67517/pexels-photo-67517.jpeg
19,Turrana Bluff,The Central Plateau,https://images.pexels.com/photos/326235/pexels-photo-326235.jpeg
20,Mount Gell,The Mid West,https://images.pexels.com/photos/629161/pexels-photo-629161.jpeg
21,Frenchmans Cap,The Mid West,https://images.pexels.com/photos/618833/pexels-photo-618833.jpeg
22,Ironstone Mountain,The Central Plateau,https://images.pexels.com/photos/210243/pexels-photo-210243.jpeg
23,Eldon Peak,The Mid West,https://images.pexels.com/photos/808465/pexels-photo-808465.jpeg
24,Mount Field West,The South East,https://images.pexels.com/photos/1666012/pexels-photo-1666012.jpeg
25,Walled Mountain,Pelion and Saint Clair,https://images.pexels.com/photos/552785/pexels-photo-552785.jpeg
26,Goulds Sugarloaf,Pelion and Saint Clair,https://images.pexels.com/photos/671658/pexels-photo-671658.jpeg
27,Mount Anne,The South West,https://images.pexels.com/photos/15382/pexels-photo.jpg
28,Perrins Bluff,Pelion and Saint Clair,https://images.pexels.com/photos/67517/pexels-photo-67517.jpeg
29,Western Bluff,The Central Plateau,https://images.pexels.com/photos/326235/pexels-photo-326235.jpeg
30,Mersey Crag,The Central Plateau,https://images.pexels.com/photos/629161/pexels-photo-629161.jpeg
31,Mount Rufus,Pelion and Saint Clair,https://images.pexels.com/photos/618833/pexels-photo-618833.jpeg
32,Mount Barrow,The North East,https://images.pexels.com/photos/210243/pexels-photo-210243.jpeg
33,Macs Mountain,Pelion and Saint Clair,https://images.pexels.com/photos/808465/pexels-photo-808465.jpeg
34,Mount Emmett,The North West,https://images.pexels.com/photos/1666012/pexels-photo-1666012.jpeg
35,Twin Spires,The Central Plateau,https://images.pexels.com/photos/552785/pexels-photo-552785.jpeg
36,Mount Hugel,Pelion and Saint Clair,https://images.pexels.com/photos/671658/pexels-photo-671658.jpeg
37,Sandbanks Tier,The Central Plateau,https://images.pexels.com/photos/15382/pexels-photo.jpg
38,Mount Snowy South,The South,https://images.pexels.com/photos/67517/pexels-photo-67517.jpeg
39,The Guardians,Pelion and Saint Clair,https://images.pexels.com/photos/326235/pexels-photo-326235.jpeg
40,Wild Dog Tier,The Central Plateau,https://images.pexels.com/photos/629161/pexels-photo-629161.jpeg
41,Rats Castle,The Central Plateau,https://images.pexels.com/photos/618833/pexels-photo-618833.jpeg
42,Nevada Peak,The South,https://images.pexels.com/photos/210243/pexels-photo-210243.jpeg
43,Mount Manfred,Pelion and Saint Clair,https://images.pexels.com/photos/808465/pexels-photo-808465.jpeg
44,Mount Cuvier,Pelion and Saint Clair,https://images.pexels.com/photos/1666012/pexels-photo-1666012.jpeg
45,Rodway Range,The South East,https://images.pexels.com/photos/552785/pexels-photo-552785.jpeg
46,Florentine Peak,The South East,https://images.pexels.com/photos/671658/pexels-photo-671658.jpeg
47,Mount Byron,Pelion and Saint Clair,https://images.pexels.com/photos/15382/pexels-photo.jpg
48,Ragged Jack,The North East,https://images.pexels.com/photos/67517/pexels-photo-67517.jpeg
49,Ben Nevis,The North East,https://images.pexels.com/photos/326235/pexels-photo-326235.jpeg
50,High Dome,The Mid West,https://images.pexels.com/photos/629161/pexels-photo-629161.jpeg
51,Mensa Moor,The North East,https://images.pexels.com/photos/618833/pexels-photo-618833.jpeg
52,Mount Achilles,Pelion and Saint Clair,https://images.pexels.com/photos/210243/pexels-photo-210243.jpeg
53,Mount King William II,The Mid West,https://images.pexels.com/photos/808465/pexels-photo-808465.jpeg
54,Eldon Bluff,The Mid West,https://images.pexels.com/photos/1666012/pexels-photo-1666012.jpeg
55,Mount Rogoona,The Central Plateau,https://images.pexels.com/photos/552785/pexels-photo-552785.jpeg
56,Mount Weld,The South,https://images.pexels.com/photos/671658/pexels-photo-671658.jpeg
57,Wylds Craig,The Gordon,https://images.pexels.com/photos/15382/pexels-photo.jpg
58,Black Bluff Range,The North West,https://images.pexels.com/photos/67517/pexels-photo-67517.jpeg
59,Drys Bluff Southwest,The Central Plateau,https://images.pexels.com/photos/326235/pexels-photo-326235.jpeg
60,Mount Picton,The South,https://images.pexels.com/photos/629161/pexels-photo-629161.jpeg
61,Mountains of Jupiter,The Central Plateau,https://images.pexels.com/photos/618833/pexels-photo-618833.jpeg
62,Mount King William I,The Mid West,https://images.pexels.com/photos/210243/pexels-photo-210243.jpeg
63,Eldon Crag,The Mid West,https://images.pexels.com/photos/808465/pexels-photo-808465.jpeg
64,Slatters Peak,The Mid West,https://images.pexels.com/photos/1666012/pexels-photo-1666012.jpeg
65,Reeds Peak,The Gordon,https://images.pexels.com/photos/552785/pexels-photo-552785.jpeg
66,Mount Sarah Jane,The South West,https://images.pexels.com/photos/671658/pexels-photo-671658.jpeg
67,Cheyne Range,The Mid West,https://images.pexels.com/photos/15382/pexels-photo.jpg
68,Mount Oakleigh,Pelion and Saint Clair,https://images.pexels.com/photos/67517/pexels-photo-67517.jpeg
69,Philps Peak,The Mid West,https://images.pexels.com/photos/326235/pexels-photo-326235.jpeg
70,Mount Inglis,The North West,https://images.pexels.com/photos/629161/pexels-photo-629161.jpeg
71,Mount Othrys,Pelion and Saint Clair,https://images.pexels.com/photos/618833/pexels-photo-618833.jpeg
72,Mount Murchison,The West,https://images.pexels.com/photos/210243/pexels-photo-210243.jpeg
73,Mount Field East,The South East,https://images.pexels.com/photos/808465/pexels-photo-808465.jpeg
74,Kunanyi,The South East,https://images.pexels.com/photos/1666012/pexels-photo-1666012.jpeg
75,Mount Clytemnestra,The Mid West,https://images.pexels.com/photos/552785/pexels-photo-552785.jpeg
76,Mount Pillinger,Pelion and Saint Clair,https://images.pexels.com/photos/671658/pexels-photo-671658.jpeg
77,Mount Lot,The South West,https://images.pexels.com/photos/15382/pexels-photo.jpg
78,Collins Bonnet,The South East,https://images.pexels.com/photos/67517/pexels-photo-67517.jpeg
79,Mount Snowy North,The South,https://images.pexels.com/photos/326235/pexels-photo-326235.jpeg
80,Cummings Head,The Central Plateau,https://images.pexels.com/photos/629161/pexels-photo-629161.jpeg
81,Bonds Craig,The Gordon,https://images.pexels.com/photos/618833/pexels-photo-618833.jpeg
82,Pyramid Mountain,The Mid West,https://images.pexels.com/photos/210243/pexels-photo-210243.jpeg
83,Mount Saddleback,The North East,https://images.pexels.com/photos/808465/pexels-photo-808465.jpeg
84,Hartz Peak,The South,https://images.pexels.com/photos/1666012/pexels-photo-1666012.jpeg
85,Horizontal Hill,Pelion and Saint Clair,https://images.pexels.com/photos/552785/pexels-photo-552785.jpeg
86,Pindars Peak,The South,https://images.pexels.com/photos/671658/pexels-photo-671658.jpeg
87,Mount Campbell,The North West,https://images.pexels.com/photos/15382/pexels-photo.jpg
88,Mount Mueller,The South West,https://images.pexels.com/photos/67517/pexels-photo-67517.jpeg
89,Wentworth Hills,The Mid West,https://images.pexels.com/photos/326235/pexels-photo-326235.jpeg
90,Mount Ida,Pelion and Saint Clair,https://images.pexels.com/photos/629161/pexels-photo-629161.jpeg
91,Mount Agamemnon,The Mid West,https://images.pexels.com/photos/618833/pexels-photo-618833.jpeg
92,Mount Roland,The North West,https://images.pexels.com/photos/210243/pexels-photo-210243.jpeg
93,Quamby Bluff,The Central Plateau,https://images.pexels.com/photos/808465/pexels-photo-808465.jpeg
94,Federation Peak,The South West,https://images.pexels.com/photos/1666012/pexels-photo-1666012.jpeg
95,Adamsons Peak,The South,https://images.pexels.com/photos/552785/pexels-photo-552785.jpeg
96,Mount Hobhouse,The Mid West,https://images.pexels.com/photos/671658/pexels-photo-671658.jpeg
97,Mount Shakespeare,The Gordon,https://images.pexels.com/photos/15382/pexels-photo.jpg
98,Loddon Bluff,The Mid West,https://images.pexels.com/photos/67517/pexels-photo-67517.jpeg
99,Mount Victoria,The North East,https://images.pexels.com/photos/326235/pexels-photo-326235.jpeg
100,Millers Bluff,The Central Plateau,https://images.pexels.com/photos/629161/pexels-photo-629161.jpeg
101,Parson and Clerk Mountain,The Central Plateau,https://images.pexels.com/photos/618833/pexels-photo-618833.jpeg
102,Castle Mountain,The Mid West,https://images.pexels.com/photos/210243/pexels-photo-210243.jpeg
103,The Thumbs,The Gordon,https://images.pexels.com/photos/808465/pexels-photo-808465.jpeg
104,Brewery Knob,The North West,https://images.pexels.com/photos/1666012/pexels-photo-1666012.jpeg
105,Clear Hill,The Gordon,https://images.pexels.com/photos/552785/pexels-photo-552785.jpeg
106,Mount Lord,The South East,https://images.pexels.com/photos/671658/pexels-photo-671658.jpeg
107,Rocky Hill,The Mid West,https://images.pexels.com/photos/15382/pexels-photo.jpg
108,Mount Geikie,The West,https://images.pexels.com/photos/67517/pexels-photo-67517.jpeg
109,Mount Arthur,The North East,https://images.pexels.com/photos/326235/pexels-photo-326235.jpeg
110,Mount Nereus,Pelion and Saint Clair,https://images.pexels.com/photos/629161/pexels-photo-629161.jpeg
111,West Portal,The South West,https://images.pexels.com/photos/618833/pexels-photo-618833.jpeg
112,Mount Tyndall,The West,https://images.pexels.com/photos/210243/pexels-photo-210243.jpeg
113,Dome Hill,The Mid West,https://images.pexels.com/photos/808465/pexels-photo-808465.jpeg
114,Camp Hill,The Mid West,https://images.pexels.com/photos/1666012/pexels-photo-1666012.jpeg
115,Recondite Knob,The North West,https://images.pexels.com/photos/552785/pexels-photo-552785.jpeg
116,Mount Jukes,The West,https://images.pexels.com/photos/671658/pexels-photo-671658.jpeg
117,Trestle Mountain,The South East,https://images.pexels.com/photos/15382/pexels-photo.jpg
118,Mount La Perouse,The South,https://images.pexels.com/photos/67517/pexels-photo-67517.jpeg
119,Mount Kate,The North West,https://images.pexels.com/photos/326235/pexels-photo-326235.jpeg
120,Mount Proteus,Pelion and Saint Clair,https://images.pexels.com/photos/629161/pexels-photo-629161.jpeg
121,Mount Orion,The South West,https://images.pexels.com/photos/618833/pexels-photo-618833.jpeg
122,Mount Sirius,The South West,https://images.pexels.com/photos/210243/pexels-photo-210243.jpeg
123,Mount Wedge,The South West,https://images.pexels.com/photos/808465/pexels-photo-808465.jpeg
124,Mount Sedgwick,The West,https://images.pexels.com/photos/1666012/pexels-photo-1666012.jpeg
125,Mount Owen,The West,https://images.pexels.com/photos/552785/pexels-photo-552785.jpeg
126,Precipitous Bluff,The South,https://images.pexels.com/photos/671658/pexels-photo-671658.jpeg
127,Mount Sorell,The West,https://images.pexels.com/photos/15382/pexels-photo.jpg
128,Mount Marian,The South East,https://images.pexels.com/photos/67517/pexels-photo-67517.jpeg
129,Mount Dundas,The West,https://images.pexels.com/photos/326235/pexels-photo-326235.jpeg
130,Mount Tramontane,The Mid West,https://images.pexels.com/photos/629161/pexels-photo-629161.jpeg
131,Mount Beecroft,The North West,https://images.pexels.com/photos/618833/pexels-photo-618833.jpeg
132,Mount Penny West,The Central Plateau,https://images.pexels.com/photos/210243/pexels-photo-210243.jpeg
133,Sharlands Peak,The Mid West,https://images.pexels.com/photos/808465/pexels-photo-808465.jpeg
134,Pokana Peak,The Gordon,https://images.pexels.com/photos/1666012/pexels-photo-1666012.jpeg
135,Mount Albert,The North East,https://images.pexels.com/photos/552785/pexels-photo-552785.jpeg
136,Nescient Peak,The Central Plateau,https://images.pexels.com/photos/671658/pexels-photo-671658.jpeg
137,Conical Mountain,The Gordon,https://images.pexels.com/photos/15382/pexels-photo.jpg
138,Mount Read,The West,https://images.pexels.com/photos/67517/pexels-photo-67517.jpeg
139,East Tower,The North East,https://images.pexels.com/photos/326235/pexels-photo-326235.jpeg
140,Flame Peak,The Gordon,https://images.pexels.com/photos/629161/pexels-photo-629161.jpeg
141,Mount Maurice,The North East,https://images.pexels.com/photos/618833/pexels-photo-618833.jpeg
142,Mount Victoria Cross,The South,https://images.pexels.com/photos/210243/pexels-photo-210243.jpeg
143,Mount Hayes,The South West,https://images.pexels.com/photos/808465/pexels-photo-808465.jpeg
144,Mount Patrick,The Central Plateau,https://images.pexels.com/photos/1666012/pexels-photo-1666012.jpeg
145,Mount Wright,The Gordon,https://images.pexels.com/photos/552785/pexels-photo-552785.jpeg
146,Mount Bobs,The South,https://images.pexels.com/photos/671658/pexels-photo-671658.jpeg
147,Stepped Hills,The Gordon,https://images.pexels.com/photos/15382/pexels-photo.jpg
148,The Chimera,The Mid West,https://images.pexels.com/photos/67517/pexels-photo-67517.jpeg
149,Mount Wylly,The South,https://images.pexels.com/photos/326235/pexels-photo-326235.jpeg
150,The Needles,The South,https://images.pexels.com/photos/629161/pexels-photo-629161.jpeg
151,West Tower,The North East,https://images.pexels.com/photos/618833/pexels-photo-618833.jpeg
152,The Hippogriff,The Mid West,https://images.pexels.com/photos/210243/pexels-photo-210243.jpeg
153,Saint Valentines Peak,The North West,https://images.pexels.com/photos/808465/pexels-photo-808465.jpeg
154,Mount Aldebaran,The South West,https://images.pexels.com/photos/1666012/pexels-photo-1666012.jpeg
155,Mount Scorpio,The South West,https://images.pexels.com/photos/552785/pexels-photo-552785.jpeg
156,Mount Tor,The North West,https://images.pexels.com/photos/671658/pexels-photo-671658.jpeg
157,Abbotts Lookout,The South East,https://images.pexels.com/photos/15382/pexels-photo.jpg
158,Marriotts Lookout,The South East,https://images.pexels.com/photos/67517/pexels-photo-67517.jpeg
